{
    "7001": {
        "name": "精铁符剑",
        "atk_buff": 0.08,
        "crit_buff": 0,
        "def_buff": 0,
        "critatk": 0,
        "zw": 0,
        "mp_buff": 0,
        "rank": 54,
        "level": "下品符器",
        "type": "装备"
    },
    "7002": {
        "name": "桃木符剑",
        "atk_buff": 0,
        "crit_buff": 0.08,
        "def_buff": 0,
        "critatk": 0,
        "zw": 0,
        "mp_buff": 0,
        "rank": 51,
        "level": "下品符器",
        "type": "装备"
    },
    "7003": {
        "name": "精元符剑",
        "atk_buff": 0.04,
        "crit_buff": 0.04,
        "def_buff": 0,
        "critatk": 0,
        "zw": 0,
        "mp_buff": 0,
        "rank": 51,
        "level": "下品符器",
        "type": "装备"
    },
    "7011": {
        "name": "火铜符剑",
        "atk_buff": 0.12,
        "crit_buff": 0,
        "def_buff": 0,
        "critatk": 0,
        "zw": 0,
        "mp_buff": 0,
        "rank": 48,
        "level": "上品符器",
        "type": "装备"
    },
    "7012": {
        "name": "青玉符剑",
        "atk_buff": 0,
        "crit_buff": 0.12,
        "def_buff": 0,
        "critatk": 0,
        "zw": 0,
        "mp_buff": 0,
        "rank": 48,
        "level": "上品符器",
        "type": "装备"
    },
    "7013": {
        "name": "灵气剑",
        "atk_buff": 0.06,
        "crit_buff": 0.06,
        "def_buff": 0,
        "critatk": 0,
        "zw": 0,
        "mp_buff": 0,
        "rank": 48,
        "level": "上品符器",
        "type": "装备"
    },
    "7021": {
        "name": "辟邪惊雷尺",
        "atk_buff": 0.16,
        "crit_buff": 0,
        "def_buff": 0,
        "critatk": 0,
        "zw": 0,
        "mp_buff": 0,
        "rank": 45,
        "level": "下品法器",
        "type": "装备"
    },
    "7022": {
        "name": "七星剑",
        "atk_buff": 0,
        "crit_buff": 0.16,
        "def_buff": 0,
        "critatk": 0,
        "zw": 0,
        "mp_buff": 0,
        "rank": 45,
        "level": "下品法器",
        "type": "装备"
    },
    "7023": {
        "name": "流光剑",
        "atk_buff": 0.08,
        "crit_buff": 0.08,
        "def_buff": 0,
        "critatk": 0,
        "zw": 0,
        "mp_buff": 0,
        "rank": 45,
        "level": "下品法器",
        "type": "装备"
    },
    "7031": {
        "name": "金光镜",
        "atk_buff": 0.2,
        "crit_buff": 0,
        "def_buff": 0,
        "critatk": 0,
        "zw": 0,
        "mp_buff": 0,
        "rank": 42,
        "level": "上品法器",
        "type": "装备"
    },
    "7032": {
        "name": "阴阳夺魂针",
        "atk_buff": 0,
        "crit_buff": 0.2,
        "def_buff": 0,
        "critatk": 0,
        "zw": 0,
        "mp_buff": 0,
        "rank": 42,
        "level": "上品法器",
        "type": "装备"
    },
    "7033": {
        "name": "山河鼎",
        "atk_buff": 0.1,
        "crit_buff": 0.1,
        "def_buff": 0,
        "critatk": 0,
        "zw": 0,
        "mp_buff": 0,
        "rank": 42,
        "level": "上品法器",
        "type": "装备"
    },
    "7041": {
        "name": "离地焰光旗",
        "atk_buff": 0.24,
        "crit_buff": 0.1,
        "def_buff": 0,
        "critatk": 0,
        "zw": 0,
        "mp_buff": 0,
        "rank": 39,
        "level": "下品纯阳法器",
        "type": "装备"
    },
    "7042": {
        "name": "青萍剑",
        "atk_buff": 0,
        "crit_buff": 0.24,
        "def_buff": 0,
        "critatk": 0,
        "zw": 0,
        "mp_buff": 0,
        "rank": 39,
        "level": "下品纯阳法器",
        "type": "装备"
    },
    "7043": {
        "name": "千重峰",
        "atk_buff": 0.12,
        "crit_buff": 0.12,
        "def_buff": 0,
        "critatk": 0,
        "zw": 0,
        "mp_buff": 0,
        "rank": 39,
        "level": "下品纯阳法器",
        "type": "装备"
    },
    "7051": {
        "name": "五火七禽扇",
        "atk_buff": 0.28,
        "crit_buff": 0,
        "def_buff": 0,
        "critatk": 0,
        "zw": 0,
        "mp_buff": 0,
        "rank": 36,
        "level": "上品纯阳法器",
        "type": "装备"
    },
    "7052": {
        "name": "青莲宝色旗",
        "atk_buff": 0,
        "crit_buff": 0.28,
        "def_buff": 0,
        "critatk": 0,
        "zw": 0,
        "mp_buff": 0,
        "rank": 36,
        "level": "上品纯阳法器",
        "type": "装备"
    },
    "7053": {
        "name": "嗜魂幡",
        "atk_buff": 0.14,
        "crit_buff": 0.14,
        "def_buff": 0,
        "critatk": 0,
        "zw": 0,
        "mp_buff": 0,
        "rank": 36,
        "level": "上品纯阳法器",
        "type": "装备"
    },
    "7061": {
        "name": "绝仙剑",
        "atk_buff": 0.32,
        "crit_buff": 0,
        "def_buff": 0,
        "critatk": 0,
        "zw": 0,
        "mp_buff": 0,
        "rank": 33,
        "level": "下品通天法器",
        "type": "装备"
    },
    "7062": {
        "name": "落魂钟",
        "atk_buff": 0,
        "crit_buff": 0.32,
        "def_buff": 0,
        "critatk": 0,
        "zw": 0,
        "mp_buff": 0,
        "rank": 33,
        "level": "下品通天法器",
        "type": "装备"
    },
    "7063": {
        "name": "乾天剑",
        "atk_buff": 0.16,
        "crit_buff": 0.16,
        "def_buff": 0,
        "critatk": 0,
        "zw": 0,
        "mp_buff": 0,
        "rank": 33,
        "level": "下品通天法器",
        "type": "装备"
    },
    "7071": {
        "name": "乾坤尺",
        "atk_buff": 0.36,
        "crit_buff": 0,
        "def_buff": 0,
        "critatk": 0,
        "zw": 0,
        "mp_buff": 0,
        "rank": 30,
        "level": "上品通天法器",
        "type": "装备"
    },
    "7072": {
        "name": "天地五方旗",
        "atk_buff": 0,
        "crit_buff": 0.36,
        "def_buff": 0,
        "critatk": 0,
        "zw": 0,
        "mp_buff": 0,
        "rank": 30,
        "level": "上品通天法器",
        "type": "装备"
    },
    "7073": {
        "name": "红线遁光针",
        "atk_buff": 0.18,
        "crit_buff": 0.18,
        "def_buff": 0,
        "critatk": 0,
        "zw": 0,
        "mp_buff": 0,
        "rank": 30,
        "level": "上品通天法器",
        "type": "装备"
    },
    "7081": {
        "name": "陨仙",
        "atk_buff": 0.4,
        "crit_buff": 0,
        "def_buff": 0,
        "critatk": 0,
        "zw": 0,
        "mp_buff": 0,
        "rank": 27,
        "level": "下品仙器",
        "type": "装备"
    },
    "7082": {
        "name": "惊雷",
        "atk_buff": 0,
        "crit_buff": 0.4,
        "def_buff": 0,
        "critatk": 0,
        "zw": 0,
        "mp_buff": 0,
        "rank": 27,
        "level": "下品仙器",
        "type": "装备"
    },
    "7083": {
        "name": "承影",
        "atk_buff": 0.2,
        "crit_buff": 0.2,
        "def_buff": 0,
        "critatk": 0,
        "zw": 0,
        "mp_buff": 0,
        "rank": 27,
        "level": "下品仙器",
        "type": "装备"
    },
    "7091": {
        "name": "无影剑",
        "atk_buff": 0.24,
        "crit_buff": 0.24,
        "def_buff": 0,
        "critatk": 0,
        "zw": 0,
        "mp_buff": 0,
        "rank": 24,
        "level": "上品仙器",
        "type": "装备"
    },
    "7092": {
        "name": "风云幡",
        "atk_buff": 0,
        "crit_buff": 0.48,
        "def_buff": 0,
        "critatk": 0,
        "zw": 0,
        "mp_buff": 0,
        "rank": 24,
        "level": "上品仙器",
        "type": "装备"
    },
    "7093": {
        "name": "青竹蜂云剑",
        "atk_buff": 0.48,
        "crit_buff": 0.0,
        "def_buff": 0,
        "critatk": 0,
        "zw": 0,
        "mp_buff": 0,
        "rank": 24,
        "level": "上品仙器",
        "type": "装备"
    },
    "7095": {
        "name": "鸿钧棍",
        "atk_buff": 0.5,
        "crit_buff": 0.0,
        "def_buff": 0.1,
        "critatk": 0.1,
        "zw": 0,
        "mp_buff": 0,
        "rank": 14,
        "level": "极品仙器",
        "type": "装备"
    },
    "7096": {
        "name": "龙渊剑",
        "atk_buff": 0.1,
        "crit_buff": 0.55,
        "def_buff": 0,
        "critatk": 0.5,
        "zw": 0,
        "mp_buff": 0,
        "rank": 15,
        "level": "极品仙器",
        "type": "装备"
    },
    "7097": {
        "name": "青龙偃月刀",
        "atk_buff": 0.55,
        "crit_buff": 0.1,
        "def_buff": 0.05,
        "critatk": 0.4,
        "zw": 0,
        "mp_buff": 0,
        "rank": 13,
        "level": "极品仙器",
        "type": "装备"
    },
    "11001": {
        "name": "归墟剑",
        "atk_buff": 0.6,
        "crit_buff": 0.1,
        "def_buff": 0,
        "critatk": 0.4,
        "zw": 0,
        "mp_buff": 0,
        "rank": -5,
        "level": "极品仙器",
        "type": "装备"
    },
    "11002": {
        "name": "十拳剑",
        "atk_buff": 0,
        "crit_buff": 0.65,
        "def_buff": 0,
        "critatk": 0.45,
        "zw": 0,
        "mp_buff": 0,
        "rank": -5,
        "level": "极品仙器",
        "type": "装备"
    },
    "11003": {
        "name": "念香",
        "atk_buff": 0.2,
        "crit_buff": 0.5,
        "def_buff": 0,
        "critatk": 0.4,
        "zw": 0,
        "mp_buff": 0,
        "rank": -5,
        "level": "极品仙器",
        "type": "装备"
    },
    "11004": {
        "name": "月银弓",
        "atk_buff": 0.4,
        "crit_buff": 0.3,
        "def_buff": -0.15,
        "critatk": 0.7,
        "zw": 0,
        "mp_buff": 0,
        "rank": -5,
        "level": "极品仙器",
        "type": "装备"
    },
    "11005": {
        "name": "锈铁剑",
        "atk_buff": 0.6,
        "crit_buff": 0.1,
        "def_buff": 0,
        "critatk": 0.4,
        "zw": 0,
        "mp_buff": 0,
        "rank": -5,
        "level": "极品仙器",
        "type": "装备"
    },
    "11006": {
        "name": "天鳞古戟",
        "atk_buff": 0,
        "crit_buff": 0.6,
        "def_buff": 0,
        "critatk": 0.5,
        "zw": 0,
        "mp_buff": 0,
        "rank": -5,
        "level": "极品仙器",
        "type": "装备"
    },
    "11007": {
        "name": "念念",
        "atk_buff": 0.6,
        "crit_buff": 0.1,
        "def_buff": 0,
        "critatk": 0.4,
        "zw": 0,
        "mp_buff": 0,
        "rank": -5,
        "level": "极品仙器",
        "type": "装备"
    },
    "11008": {
        "name": "铠罗兵装·角",
        "atk_buff": 0.5,
        "crit_buff": 0.15,
        "def_buff": 0.15,
        "critatk": 0.2,
        "zw": 0,
        "mp_buff": 0,
        "rank": -5,
        "level": "极品仙器",
        "type": "装备"
    },
    "11009": {
        "name": "太初无始帝剑",
        "atk_buff": 0,
        "crit_buff": 0.65,
        "def_buff": 0,
        "critatk": 0.45,
        "zw": 0,
        "mp_buff": 0,
        "rank": -5,
        "level": "极品仙器",
        "type": "装备"
    },
    "11010": {
        "name": "烧火棍",
        "atk_buff": 0.3,
        "crit_buff": 0.5,
        "def_buff": 0,
        "critatk": 0.4,
        "zw": 0,
        "mp_buff": 0,
        "rank": -5,
        "level": "极品仙器",
        "type": "装备"
    },
    "11011": {
        "name": "天戟",
        "atk_buff": 0,
        "crit_buff": 0.7,
        "def_buff": 0,
        "critatk": 0.4,
        "zw": 0,
        "mp_buff": 0,
        "rank": -5,
        "level": "极品仙器",
        "type": "装备"
    },
    "11012": {
        "name": "誓约胜利之剑",
        "atk_buff": 0.7,
        "crit_buff": 0.4,
        "def_buff": 0,
        "critatk": 0,
        "zw": 0,
        "mp_buff": 0,
        "rank": -5,
        "level": "极品仙器",
        "type": "装备"
    },
    "11013": {
        "name": "金钟罩",
        "atk_buff": 0.7,
        "crit_buff": 0.4,
        "def_buff": 0,
        "critatk": 0,
        "zw": 0,
        "mp_buff": 0,
        "rank": -5,
        "level": "极品仙器",
        "type": "装备"
    },
    "11014": {
        "name": "灵魄玉",
        "atk_buff": 0.7,
        "crit_buff": 0.4,
        "def_buff": 0,
        "critatk": 0,
        "zw": 0,
        "mp_buff": 0,
        "rank": -5,
        "level": "极品仙器",
        "type": "装备"
    },
    "7098": {
        "name": "原罪（残缺）",
        "atk_buff": 0.3,
        "crit_buff": -1,
        "def_buff": -0.2,
        "critatk": 2,
        "zw": 0,
        "mp_buff": 0,
        "rank": 19,
        "level": "极品仙器",
        "type": "装备"
    },
    "7099": {
        "name": "无罪（残缺）",
        "atk_buff": 0,
        "crit_buff": 1,
        "def_buff": -0.2,
        "critatk": -0.75,
        "zw": 0,
        "mp_buff": 0,
        "rank": 15,
        "level": "极品仙器",
        "type": "装备"
    },
    "13001": {
        "name": "轩辕剑",
        "atk_buff": 0.4,
        "crit_buff": 0.7,
        "def_buff": 0,
        "critatk": 0.5,
        "zw": 0,
        "mp_buff": 0,
        "rank": -5,
        "level": "无上仙器",
        "type": "装备"
    },
    "13002": {
        "name": "黑龙啸天印",
        "atk_buff": 0.4,
        "crit_buff": 0.6,
        "def_buff": 0,
        "critatk": 0.7,
        "zw": 0,
        "mp_buff": 0,
        "rank": -5,
        "level": "无上仙器",
        "type": "装备"
    },
    "13003": {
        "name": "火之高兴",
        "atk_buff": 0.7,
        "crit_buff": 0.2,
        "def_buff": 0.1,
        "critatk": 0.2,
        "zw": 0,
        "mp_buff": 0,
        "rank": -5,
        "level": "无上仙器",
        "type": "装备"
    },
    "13004": {
        "name": "天上天下无双刀",
        "atk_buff": 0.6,
        "crit_buff": 0.5,
        "def_buff": 0.15,
        "critatk": 0.6,
        "zw": 0,
        "mp_buff": 0,
        "rank": -5,
        "level": "无上仙器",
        "type": "装备"
    },
    "8000": {
        "name": "射日弓",
        "atk_buff": 0.4,
        "crit_buff": 0.7,
        "def_buff": -0.1,
        "critatk": 0.75,
        "zw": 0,
        "mp_buff": 0,
        "rank": 12,
        "level": "无上仙器",
        "type": "装备"
    },
    "7090": {
        "name": "东皇钟",
        "atk_buff": 0.1,
        "crit_buff": 0.1,
        "def_buff": 0.3,
        "critatk": 0,
        "zw": 0,
        "mp_buff": 0,
        "rank": 12,
        "level": "无上仙器",
        "type": "装备"
    },
    "7094": {
        "name": "灭神戟",
        "atk_buff": 0.7,
        "crit_buff": 0.2,
        "def_buff": 0.1,
        "critatk": 0.2,
        "zw": 0,
        "mp_buff": 0,
        "rank": 12,
        "level": "无上仙器",
        "type": "装备"
    },
    "7084": {
        "name": "天罪",
        "atk_buff": 0.7,
        "crit_buff": 0.6,
        "def_buff": -0.25,
        "critatk": 1.25,
        "zw": 0,
        "mp_buff": 0,
        "rank": -5,
        "level": "无上仙器",
        "type": "装备"
    },
    "7085": {
        "name": "冲天槊",
        "atk_buff": 1,
        "crit_buff": 0.5,
        "def_buff": 0.2,
        "critatk": 0.5,
        "zw": 0,
        "mp_buff": 0,
        "rank": -5,
        "level": "无上仙器",
        "type": "装备"
    },
    "15453": {
        "name": "无始钟",
        "atk_buff": 0.6,
        "crit_buff": 0.5,
        "def_buff": 0.1,
        "critatk": 0,
        "zw": 15453,
        "mp_buff": 0,
        "rank": -5,
        "level": "无上仙器",
        "type": "装备"
    },
    "15454": {
        "name": "天火双煞弓",
        "atk_buff": 0,
        "crit_buff": 0.5,
        "def_buff": 0,
        "critatk": 0.5,
        "zw": 0,
        "mp_buff": 0,
        "rank": -5,
        "level": "无上仙器",
        "type": "装备"
    },
    "15455": {
        "name": "盘龙三节棍",
        "atk_buff": 0,
        "crit_buff": 0.5,
        "def_buff": 0,
        "critatk": 0.5,
        "zw": 0,
        "mp_buff": 0,
        "rank": -5,
        "level": "无上仙器",
        "type": "装备"
    },
    "15456": {
        "name": "神仙笔",
        "atk_buff": 0.7,
        "crit_buff": 0.5,
        "def_buff": 0,
        "critatk": 1,
        "zw": 0,
        "mp_buff": 0.7,
        "rank": -5,
        "level": "无上仙器",
        "type": "装备"
    },
    "15457": {
        "name": "天虚旗",
        "atk_buff": 0,
        "crit_buff": 0.5,
        "def_buff": 0,
        "critatk": 0.5,
        "zw": 0,
        "mp_buff": 0,
        "rank": -5,
        "level": "无上仙器",
        "type": "装备"
    },
    "15458": {
        "name": "凛日神刀",
        "atk_buff": 0,
        "crit_buff": 0.5,
        "def_buff": 0,
        "critatk": 0.5,
        "zw": 0,
        "mp_buff": 0,
        "rank": -5,
        "level": "无上仙器",
        "type": "装备"
    },
    "15459": {
        "name": "穿心枪盖博尔格",
        "atk_buff": 0.5,
        "crit_buff": 0.5,
        "def_buff": 0,
        "critatk": 0.6,
        "zw": 0,
        "mp_buff": 0.3,
        "rank": -5,
        "level": "无上仙器",
        "type": "装备"
    },
    "15460": {
        "name": "诸葛脊骨剑",
        "atk_buff": 0.7,
        "crit_buff": 0.6,
        "def_buff": 0,
        "critatk": 0.6,
        "zw": 0,
        "mp_buff": 0,
        "rank": -5,
        "level": "无上仙器",
        "type": "装备"
    },
    "15461": {
        "name": "月夜夏",
        "atk_buff": 0.7,
        "crit_buff": 0.6,
        "def_buff": 0,
        "critatk": 0,
        "zw": 0,
        "mp_buff": 0,
        "rank": -5,
        "level": "无上仙器",
        "type": "装备"
    },
    "15462": {
        "name": "呆毛",
        "atk_buff": 0.7,
        "crit_buff": 0.6,
        "def_buff": 0,
        "critatk": 0.6,
        "zw": 0,
        "mp_buff": 0,
        "rank": -5,
        "level": "无上仙器",
        "type": "装备"
    },
    "15463": {
        "name": "百辟",
        "atk_buff": 1,
        "crit_buff": 0,
        "def_buff": 0,
        "critatk": 0,
        "zw": 0,
        "mp_buff": 0,
        "rank": -5,
        "level": "无上仙器",
        "type": "装备"
    },
    "15464": {
        "name": "龙傲天",
        "atk_buff": 1,
        "crit_buff": 0,
        "def_buff": 0,
        "critatk": 0,
        "zw": 0,
        "mp_buff": 0,
        "rank": -5,
        "level": "无上仙器",
        "type": "装备"
    },
    "15465": {
        "name": "圣剑瑟尼欧里斯",
        "atk_buff": 0.5,
        "crit_buff": 0.8,
        "def_buff": 0,
        "critatk": 0.8,
        "zw": 0,
        "mp_buff": 0,
        "rank": -5,
        "level": "无上仙器",
        "type": "装备"
    }
}