{
    "9001": {
        "name": "吐纳功法",
        "hpbuff": 0.03,
        "mpbuff": 0.02,
        "atkbuff": 0.03,
        "ratebuff": 0.02,
        "crit_buff": 0,
        "def_buff": 0,
        "dan_exp": 0,
        "dan_buff": 0,
        "reap_buff": 0,
        "exp_buff": 0,
        "critatk": 0,
        "two_buff": 0,
        "number": 0,
        "clo_exp": 0,
        "clo_rs": 0,
        "random_buff": 0,
        "ew": 0,
        "desc": "",
        "rank": "人阶下品",
        "level": "55"
    },
    "9002": {
        "name": "冰心诀",
        "hpbuff": 0.06,
        "mpbuff": 0.02,
        "atkbuff": 0,
        "ratebuff": 0.02,
        "crit_buff": 0,
        "def_buff": 0,
        "dan_exp": 0,
        "dan_buff": 0,
        "reap_buff": 0,
        "exp_buff": 0,
        "critatk": 0,
        "two_buff": 0,
        "number": 0,
        "clo_exp": 0,
        "clo_rs": 0,
        "random_buff": 0,
        "ew": 0,
        "desc": "",
        "rank": "人阶下品",
        "level": "55"
    },
    "9003": {
        "name": "飞云劲",
        "hpbuff": 0.03,
        "mpbuff": 0.02,
        "atkbuff": 0.05,
        "ratebuff": 0,
        "crit_buff": 0,
        "def_buff": 0,
        "dan_exp": 0,
        "dan_buff": 0,
        "reap_buff": 0,
        "exp_buff": 0,
        "critatk": 0,
        "two_buff": 0,
        "number": 0,
        "clo_exp": 0,
        "clo_rs": 0,
        "random_buff": 0,
        "ew": 0,
        "desc": "",
        "rank": "人阶下品",
        "level": "55"
    },
    "9004": {
        "name": "沛然决",
        "hpbuff": 0.03,
        "mpbuff": 0.02,
        "atkbuff": 0,
        "ratebuff": 0.05,
        "crit_buff": 0,
        "def_buff": 0,
        "dan_exp": 0,
        "dan_buff": 0,
        "reap_buff": 0,
        "exp_buff": 0,
        "critatk": 0,
        "two_buff": 0,
        "number": 0,
        "clo_exp": 0,
        "clo_rs": 0,
        "random_buff": 0,
        "ew": 0,
        "desc": "",
        "rank": "人阶下品",
        "level": "55"
    },
    "9005": {
        "name": "练体术",
        "hpbuff": 0.03,
        "mpbuff": 0.02,
        "atkbuff": 0.05,
        "ratebuff": 0.05,
        "crit_buff": 0,
        "def_buff": 0,
        "dan_exp": 0,
        "dan_buff": 0,
        "reap_buff": 0,
        "exp_buff": 0,
        "critatk": 0,
        "two_buff": 0,
        "number": 0,
        "clo_exp": 0,
        "clo_rs": 0,
        "random_buff": 0,
        "ew": 0,
        "desc": "",
        "rank": "人阶下品",
        "level": "55"
    },
    "9011": {
        "name": "禾山经",
        "hpbuff": 0.06,
        "mpbuff": 0.04,
        "atkbuff": 0.06,
        "ratebuff": 0.04,
        "crit_buff": 0,
        "def_buff": 0,
        "dan_exp": 0,
        "dan_buff": 0,
        "reap_buff": 0,
        "exp_buff": 0,
        "critatk": 0,
        "two_buff": 0,
        "number": 0,
        "clo_exp": 0,
        "clo_rs": 0,
        "random_buff": 0,
        "ew": 0,
        "desc": "",
        "rank": "人阶上品",
        "level": "50"
    },
    "9012": {
        "name": "浪击决",
        "hpbuff": 0.06,
        "mpbuff": 0.04,
        "atkbuff": 0.1,
        "ratebuff": 0,
        "crit_buff": 0,
        "def_buff": 0,
        "dan_exp": 0,
        "dan_buff": 0,
        "reap_buff": 0,
        "exp_buff": 0,
        "critatk": 0,
        "two_buff": 0,
        "number": 0,
        "clo_exp": 0,
        "clo_rs": 0,
        "random_buff": 0,
        "ew": 0,
        "desc": "",
        "rank": "人阶上品",
        "level": "50"
    },
    "9013": {
        "name": "地元炼体功",
        "hpbuff": 0.06,
        "mpbuff": 0.04,
        "atkbuff": 0,
        "ratebuff": 0.1,
        "crit_buff": 0,
        "def_buff": 0,
        "dan_exp": 0,
        "dan_buff": 0,
        "reap_buff": 0,
        "exp_buff": 0,
        "critatk": 0,
        "two_buff": 0,
        "number": 0,
        "clo_exp": 0,
        "clo_rs": 0,
        "random_buff": 0,
        "ew": 0,
        "desc": "",
        "rank": "人阶上品",
        "level": "50"
    },
    "9014": {
        "name": "上青诀",
        "hpbuff": 0.1,
        "mpbuff": 0.04,
        "atkbuff": 0.06,
        "ratebuff": 0,
        "crit_buff": 0,
        "def_buff": 0,
        "dan_exp": 0,
        "dan_buff": 0,
        "reap_buff": 0,
        "exp_buff": 0,
        "critatk": 0,
        "two_buff": 0,
        "number": 0,
        "clo_exp": 0,
        "clo_rs": 0,
        "random_buff": 0,
        "ew": 0,
        "desc": "",
        "rank": "人阶上品",
        "level": "50"
    },
    "9100": {
        "name": "化焰诀",
        "hpbuff": 0.06,
        "mpbuff": 0.04,
        "atkbuff": 0.09,
        "ratebuff": 0.06,
        "crit_buff": 0,
        "def_buff": 0,
        "dan_exp": 0,
        "dan_buff": 0,
        "reap_buff": 0,
        "exp_buff": 0,
        "critatk": 0,
        "two_buff": 0,
        "number": 0,
        "clo_exp": 0,
        "clo_rs": 0,
        "random_buff": 0,
        "ew": 0,
        "desc": "",
        "rank": "人阶上品",
        "level": "50"
    },
    "9099": {
        "name": "弄焰诀",
        "hpbuff": 0.06,
        "mpbuff": 0.04,
        "atkbuff": 0.09,
        "ratebuff": 0.06,
        "crit_buff": 0,
        "def_buff": 0,
        "dan_exp": 0,
        "dan_buff": 0,
        "reap_buff": 0,
        "exp_buff": 0,
        "critatk": 0,
        "two_buff": 0,
        "number": 0,
        "clo_exp": 0,
        "clo_rs": 0,
        "random_buff": 0,
        "ew": 0,
        "desc": "",
        "rank": "人阶上品",
        "level": "50"
    },
    "9102": {
        "name": "烈焰诀",
        "hpbuff": 0,
        "mpbuff": 0.06,
        "atkbuff": 0.2,
        "ratebuff": 0.04,
        "crit_buff": 0,
        "def_buff": 0,
        "dan_exp": 0,
        "dan_buff": 0,
        "reap_buff": 0,
        "exp_buff": 0,
        "critatk": 0,
        "two_buff": 0,
        "number": 0,
        "clo_exp": 0,
        "clo_rs": 0,
        "random_buff": 0,
        "ew": 0,
        "desc": "",
        "rank": "黄阶下品",
        "level": "47"
    },
    "9103": {
        "name": "幽魂录",
        "hpbuff": 0.2,
        "mpbuff": 0.06,
        "atkbuff": 0,
        "ratebuff": 0.04,
        "crit_buff": 0,
        "def_buff": 0,
        "dan_exp": 0,
        "dan_buff": 0,
        "reap_buff": 0,
        "exp_buff": 0,
        "critatk": 0,
        "two_buff": 0,
        "number": 0,
        "clo_exp": 0,
        "clo_rs": 0,
        "random_buff": 0,
        "ew": 0,
        "desc": "",
        "rank": "黄阶下品",
        "level": "47"
    },
    "9104": {
        "name": "魑魅鬼卷",
        "hpbuff": 0.1,
        "mpbuff": 0.06,
        "atkbuff": 0.1,
        "ratebuff": 0.04,
        "crit_buff": 0,
        "def_buff": 0,
        "dan_exp": 0,
        "dan_buff": 0,
        "reap_buff": 0,
        "exp_buff": 0,
        "critatk": 0,
        "two_buff": 0,
        "number": 0,
        "clo_exp": 0,
        "clo_rs": 0,
        "random_buff": 0,
        "ew": 0,
        "desc": "",
        "rank": "黄阶下品",
        "level": "47"
    },
    "9201": {
        "name": "万木诀",
        "hpbuff": 0.1,
        "mpbuff": 0.1,
        "atkbuff": 0.1,
        "ratebuff": 0.1,
        "crit_buff": 0,
        "def_buff": 0,
        "dan_exp": 0,
        "dan_buff": 0,
        "reap_buff": 0,
        "exp_buff": 0,
        "critatk": 0,
        "two_buff": 0,
        "number": 0,
        "clo_exp": 0,
        "clo_rs": 0,
        "random_buff": 0,
        "ew": 0,
        "desc": "",
        "rank": "黄阶上品",
        "level": "44"
    },
    "9202": {
        "name": "真阳功",
        "hpbuff": 0.2,
        "mpbuff": 0.3,
        "atkbuff": 0.1,
        "ratebuff": 0.05,
        "crit_buff": 0,
        "def_buff": 0,
        "dan_exp": 0,
        "dan_buff": 0,
        "reap_buff": 0,
        "exp_buff": 0,
        "critatk": 0,
        "two_buff": 0,
        "number": 0,
        "clo_exp": 0,
        "clo_rs": 0,
        "random_buff": 0,
        "ew": 0,
        "desc": "",
        "rank": "黄阶上品",
        "level": "44"
    },
    "9203": {
        "name": "龟息术",
        "hpbuff": 0.1,
        "mpbuff": 0.1,
        "atkbuff": 0,
        "ratebuff": 0.2,
        "crit_buff": 0,
        "def_buff": 0,
        "dan_exp": 0,
        "dan_buff": 0,
        "reap_buff": 0,
        "exp_buff": 0,
        "critatk": 0,
        "two_buff": 0,
        "number": 0,
        "clo_exp": 0,
        "clo_rs": 0,
        "random_buff": 0,
        "ew": 0,
        "desc": "",
        "rank": "黄阶上品",
        "level": "44"
    },
    "9204": {
        "name": "天晶诀",
        "hpbuff": 0.1,
        "mpbuff": 0.1,
        "atkbuff": 0.2,
        "ratebuff": 0,
        "crit_buff": 0,
        "def_buff": 0,
        "dan_exp": 0,
        "dan_buff": 0,
        "reap_buff": 0,
        "exp_buff": 0,
        "critatk": 0,
        "two_buff": 0,
        "number": 0,
        "clo_exp": 0,
        "clo_rs": 0,
        "random_buff": 0,
        "ew": 0,
        "desc": "",
        "rank": "黄阶上品",
        "level": "44"
    },
    "9301": {
        "name": "水灵妙法",
        "hpbuff": 0.2,
        "mpbuff": 0.1,
        "atkbuff": 0.2,
        "ratebuff": 0.1,
        "crit_buff": 0,
        "def_buff": 0,
        "dan_exp": 0,
        "dan_buff": 0,
        "reap_buff": 0,
        "exp_buff": 0,
        "critatk": 0,
        "two_buff": 0,
        "number": 0,
        "clo_exp": 0,
        "clo_rs": 0,
        "random_buff": 0,
        "ew": 0,
        "desc": "",
        "rank": "玄阶下品",
        "level": "41"
    },
    "9302": {
        "name": "五藏炼尘功",
        "hpbuff": 0.2,
        "mpbuff": 0.5,
        "atkbuff": 0.15,
        "ratebuff": 0.2,
        "crit_buff": 0,
        "def_buff": 0,
        "dan_exp": 0,
        "dan_buff": 0,
        "reap_buff": 0,
        "exp_buff": 0,
        "critatk": 0,
        "two_buff": 0,
        "number": 0,
        "clo_exp": 0,
        "clo_rs": 0,
        "random_buff": 0,
        "ew": 0,
        "desc": "",
        "rank": "玄阶下品",
        "level": "41"
    },
    "9303": {
        "name": "游神御水诀",
        "hpbuff": 0.2,
        "mpbuff": 0.1,
        "atkbuff": 0.3,
        "ratebuff": 0,
        "crit_buff": 0,
        "def_buff": 0,
        "dan_exp": 0,
        "dan_buff": 0,
        "reap_buff": 0,
        "exp_buff": 0,
        "critatk": 0,
        "two_buff": 0,
        "number": 0,
        "clo_exp": 0,
        "clo_rs": 0,
        "random_buff": 0,
        "ew": 0,
        "desc": "",
        "rank": "玄阶下品",
        "level": "41"
    },
    "9304": {
        "name": "聚尘诀",
        "hpbuff": 0.4,
        "mpbuff": 0.1,
        "atkbuff": 0.1,
        "ratebuff": 0,
        "crit_buff": 0,
        "def_buff": 0,
        "dan_exp": 0,
        "dan_buff": 0,
        "reap_buff": 0,
        "exp_buff": 0,
        "critatk": 0,
        "two_buff": 0,
        "number": 0,
        "clo_exp": 0,
        "clo_rs": 0,
        "random_buff": 0,
        "ew": 0,
        "desc": "",
        "rank": "玄阶下品",
        "level": "41"
    },
    "9400": {
        "name": "流光真诀",
        "hpbuff": 0.2,
        "mpbuff": 0.1,
        "atkbuff": 0.2,
        "ratebuff": 0.1,
        "crit_buff": 0,
        "def_buff": 0,
        "dan_exp": 0,
        "dan_buff": 0,
        "reap_buff": 0,
        "exp_buff": 0,
        "critatk": 0,
        "two_buff": 0,
        "number": 0,
        "clo_exp": 0,
        "clo_rs": 0,
        "random_buff": 0,
        "ew": 0,
        "desc": "",
        "rank": "玄阶下品",
        "level": "41"
    },
    "9401": {
        "name": "混元引气诀",
        "hpbuff": 0.2,
        "mpbuff": 0.2,
        "atkbuff": 0.2,
        "ratebuff": 0.2,
        "crit_buff": 0,
        "def_buff": 0,
        "dan_exp": 0,
        "dan_buff": 0,
        "reap_buff": 0,
        "exp_buff": 0,
        "critatk": 0,
        "two_buff": 0,
        "number": 0,
        "clo_exp": 0,
        "clo_rs": 0,
        "random_buff": 0,
        "ew": 0,
        "desc": "",
        "rank": "玄阶上品",
        "level": "38"
    },
    "9402": {
        "name": "焚心诀",
        "hpbuff": 0.2,
        "mpbuff": 0.2,
        "atkbuff": 0.05,
        "ratebuff": 0.235,
        "crit_buff": 0,
        "def_buff": 0,
        "dan_exp": 0,
        "dan_buff": 0,
        "reap_buff": 0,
        "exp_buff": 0,
        "critatk": 0,
        "two_buff": 0,
        "number": 0,
        "clo_exp": 0,
        "clo_rs": 0,
        "random_buff": 0,
        "ew": 0,
        "desc": "",
        "rank": "玄阶上品",
        "level": "38"
    },
    "9403": {
        "name": "怒涛诀",
        "hpbuff": 0.2,
        "mpbuff": 0.2,
        "atkbuff": 0.35,
        "ratebuff": 0.05,
        "crit_buff": 0,
        "def_buff": 0,
        "dan_exp": 0,
        "dan_buff": 0,
        "reap_buff": 0,
        "exp_buff": 0,
        "critatk": 0,
        "two_buff": 0,
        "number": 0,
        "clo_exp": 0,
        "clo_rs": 0,
        "random_buff": 0,
        "ew": 0,
        "desc": "",
        "rank": "玄阶上品",
        "level": "38"
    },
    "9404": {
        "name": "三才化甲诀",
        "hpbuff": 0.4,
        "mpbuff": 0.2,
        "atkbuff": 0.1,
        "ratebuff": 0.1,
        "crit_buff": 0,
        "def_buff": 0,
        "dan_exp": 0,
        "dan_buff": 0,
        "reap_buff": 0,
        "exp_buff": 0,
        "critatk": 0,
        "two_buff": 0,
        "number": 0,
        "clo_exp": 0,
        "clo_rs": 0,
        "random_buff": 0,
        "ew": 0,
        "desc": "",
        "rank": "玄阶上品",
        "level": "38"
    },
    "9500": {
        "name": "混元尘引录",
        "hpbuff": 0.2,
        "mpbuff": 0.2,
        "atkbuff": 0.3,
        "ratebuff": 0.2,
        "crit_buff": 0,
        "def_buff": 0,
        "dan_exp": 0,
        "dan_buff": 0,
        "reap_buff": 0,
        "exp_buff": 0,
        "critatk": 0,
        "two_buff": 0,
        "number": 0,
        "clo_exp": 0,
        "clo_rs": 0,
        "random_buff": 0,
        "ew": 0,
        "desc": "",
        "rank": "玄阶上品",
        "level": "38"
    },
    "9501": {
        "name": "紫阳混元劲",
        "hpbuff": 0.2,
        "mpbuff": 0.2,
        "atkbuff": 0.2,
        "ratebuff": 0.2,
        "crit_buff": 0,
        "def_buff": 0,
        "dan_exp": 0,
        "dan_buff": 0,
        "reap_buff": 0,
        "exp_buff": 0,
        "critatk": 0,
        "two_buff": 0,
        "number": 0,
        "clo_exp": 0,
        "clo_rs": 0,
        "random_buff": 0,
        "ew": 0,
        "desc": "",
        "rank": "地阶下品",
        "level": "35"
    },
    "9502": {
        "name": "浑天术",
        "hpbuff": 0.2,
        "mpbuff": 0.2,
        "atkbuff": 0.05,
        "ratebuff": 0.235,
        "crit_buff": 0,
        "def_buff": 0,
        "dan_exp": 0,
        "dan_buff": 0,
        "reap_buff": 0,
        "exp_buff": 0,
        "critatk": 0,
        "two_buff": 0,
        "number": 0,
        "clo_exp": 0,
        "clo_rs": 0,
        "random_buff": 0,
        "ew": 0,
        "desc": "",
        "rank": "地阶下品",
        "level": "35"
    },
    "9503": {
        "name": "七杀剑诀",
        "hpbuff": 0.2,
        "mpbuff": 0.2,
        "atkbuff": 0.35,
        "ratebuff": 0.05,
        "crit_buff": 0,
        "def_buff": 0,
        "dan_exp": 0,
        "dan_buff": 0,
        "reap_buff": 0,
        "exp_buff": 0,
        "critatk": 0,
        "two_buff": 0,
        "number": 0,
        "clo_exp": 0,
        "clo_rs": 0,
        "random_buff": 0,
        "ew": 0,
        "desc": "",
        "rank": "地阶下品",
        "level": "35"
    },
    "9504": {
        "name": "重水普渡诀",
        "hpbuff": 0.4,
        "mpbuff": 0.2,
        "atkbuff": 0.1,
        "ratebuff": 0.1,
        "crit_buff": 0,
        "def_buff": 0,
        "dan_exp": 0,
        "dan_buff": 0,
        "reap_buff": 0,
        "exp_buff": 0,
        "critatk": 0,
        "two_buff": 0,
        "number": 0,
        "clo_exp": 0,
        "clo_rs": 0,
        "random_buff": 0,
        "ew": 0,
        "desc": "",
        "rank": "地阶下品",
        "level": "35"
    },
    "9600": {
        "name": "九龙引雷诀",
        "hpbuff": 0.2,
        "mpbuff": 0.2,
        "atkbuff": 0.3,
        "ratebuff": 0.2,
        "crit_buff": 0,
        "def_buff": 0,
        "dan_exp": 0,
        "dan_buff": 0,
        "reap_buff": 0,
        "exp_buff": 0,
        "critatk": 0,
        "two_buff": 0,
        "number": 0,
        "clo_exp": 0,
        "clo_rs": 0,
        "random_buff": 0,
        "ew": 0,
        "desc": "",
        "rank": "地阶下品",
        "level": "35"
    },
    "9601": {
        "name": "大罗千幻诀",
        "hpbuff": 0.4,
        "mpbuff": 0.4,
        "atkbuff": 0.4,
        "ratebuff": 0.4,
        "crit_buff": 0,
        "def_buff": 0,
        "dan_exp": 0,
        "dan_buff": 0,
        "reap_buff": 0,
        "exp_buff": 0,
        "critatk": 0,
        "two_buff": 0,
        "number": 0,
        "clo_exp": 0,
        "clo_rs": 0,
        "random_buff": 0,
        "ew": 0,
        "desc": "",
        "rank": "地阶上品",
        "level": "32"
    },
    "9602": {
        "name": "神威录",
        "hpbuff": 0.4,
        "mpbuff": 0.4,
        "atkbuff": 0.2,
        "ratebuff": 0.6,
        "crit_buff": 0,
        "def_buff": 0,
        "dan_exp": 0,
        "dan_buff": 0,
        "reap_buff": 0,
        "exp_buff": 0,
        "critatk": 0,
        "two_buff": 0,
        "number": 0,
        "clo_exp": 0,
        "clo_rs": 0,
        "random_buff": 0,
        "ew": 0,
        "desc": "",
        "rank": "地阶上品",
        "level": "32"
    },
    "9603": {
        "name": "幻影神行诀",
        "hpbuff": 0.4,
        "mpbuff": 0.4,
        "atkbuff": 0.6,
        "ratebuff": 0.2,
        "crit_buff": 0,
        "def_buff": 0,
        "dan_exp": 0,
        "dan_buff": 0,
        "reap_buff": 0,
        "exp_buff": 0,
        "critatk": 0,
        "two_buff": 0,
        "number": 0,
        "clo_exp": 0,
        "clo_rs": 0,
        "random_buff": 0,
        "ew": 0,
        "desc": "",
        "rank": "地阶上品",
        "level": "32"
    },
    "9604": {
        "name": "天星润水诀",
        "hpbuff": 0.8,
        "mpbuff": 0.4,
        "atkbuff": 0.2,
        "ratebuff": 0.2,
        "crit_buff": 0,
        "def_buff": 0,
        "dan_exp": 0,
        "dan_buff": 0,
        "reap_buff": 0,
        "exp_buff": 0,
        "critatk": 0,
        "two_buff": 0,
        "number": 0,
        "clo_exp": 0,
        "clo_rs": 0,
        "random_buff": 0,
        "ew": 0,
        "desc": "",
        "rank": "地阶上品",
        "level": "32"
    },
    "9700": {
        "name": "太乙玄功",
        "hpbuff": 0.4,
        "mpbuff": 0.4,
        "atkbuff": 0.5,
        "ratebuff": 0.5,
        "crit_buff": 0,
        "def_buff": 0,
        "dan_exp": 0,
        "dan_buff": 0,
        "reap_buff": 0,
        "exp_buff": 0,
        "critatk": 0,
        "two_buff": 0,
        "number": 0,
        "clo_exp": 0,
        "clo_rs": 0,
        "random_buff": 0,
        "ew": 0,
        "desc": "",
        "rank": "地阶上品",
        "level": "32"
    },
    "9701": {
        "name": "朝元御金诀",
        "hpbuff": 0.5,
        "mpbuff": 0.5,
        "atkbuff": 0.5,
        "ratebuff": 0.5,
        "crit_buff": 0,
        "def_buff": 0,
        "dan_exp": 0,
        "dan_buff": 0,
        "reap_buff": 0,
        "exp_buff": 0,
        "critatk": 0,
        "two_buff": 0,
        "number": 0,
        "clo_exp": 0,
        "clo_rs": 0,
        "random_buff": 0,
        "ew": 0,
        "desc": "",
        "rank": "天阶下品",
        "level": "29"
    },
    "9702": {
        "name": "太上化龙诀",
        "hpbuff": 0.5,
        "mpbuff": 0.5,
        "atkbuff": 0.3,
        "ratebuff": 0.7,
        "crit_buff": 0,
        "def_buff": 0,
        "dan_exp": 0,
        "dan_buff": 0,
        "reap_buff": 0,
        "exp_buff": 0,
        "critatk": 0,
        "two_buff": 0,
        "number": 0,
        "clo_exp": 0,
        "clo_rs": 0,
        "random_buff": 0,
        "ew": 0,
        "desc": "",
        "rank": "天阶下品",
        "level": "29"
    },
    "9703": {
        "name": "玄阳哺焰诀",
        "hpbuff": 0.5,
        "mpbuff": 0.5,
        "atkbuff": 0.7,
        "ratebuff": 0.3,
        "crit_buff": 0,
        "def_buff": 0,
        "dan_exp": 0,
        "dan_buff": 0,
        "reap_buff": 0,
        "exp_buff": 0,
        "critatk": 0,
        "two_buff": 0,
        "number": 0,
        "clo_exp": 0,
        "clo_rs": 0,
        "random_buff": 0,
        "ew": 0,
        "desc": "",
        "rank": "天阶下品",
        "level": "29"
    },
    "9704": {
        "name": "太阴六虚功",
        "hpbuff": 0.9,
        "mpbuff": 0.5,
        "atkbuff": 0.3,
        "ratebuff": 0.3,
        "crit_buff": 0,
        "def_buff": 0,
        "dan_exp": 0,
        "dan_buff": 0,
        "reap_buff": 0,
        "exp_buff": 0,
        "critatk": 0,
        "two_buff": 0,
        "number": 0,
        "clo_exp": 0,
        "clo_rs": 0,
        "random_buff": 0,
        "ew": 0,
        "desc": "",
        "rank": "天阶下品",
        "level": "29"
    },
    "9800": {
        "name": "三阳玄火变",
        "hpbuff": 0.5,
        "mpbuff": 0.5,
        "atkbuff": 0.6,
        "ratebuff": 0.6,
        "crit_buff": 0,
        "def_buff": 0,
        "dan_exp": 0,
        "dan_buff": 0,
        "reap_buff": 0,
        "exp_buff": 0,
        "critatk": 0,
        "two_buff": 0,
        "number": 0,
        "clo_exp": 0,
        "clo_rs": 0,
        "random_buff": 0,
        "ew": 0,
        "desc": "",
        "rank": "天阶下品",
        "level": "29"
    },
    "9900": {
        "name": "玄清天衍录",
        "hpbuff": 0.1,
        "mpbuff": 0.2,
        "atkbuff": 0.8,
        "ratebuff": 0.8,
        "crit_buff": 0,
        "def_buff": 0,
        "dan_exp": 0,
        "dan_buff": 0,
        "reap_buff": 0,
        "exp_buff": 0,
        "critatk": 0,
        "two_buff": 0,
        "number": 0,
        "clo_exp": 0,
        "clo_rs": 0,
        "random_buff": 0,
        "ew": 0,
        "desc": "",
        "rank": "天阶上品",
        "level": "26"
    },
    "9801": {
        "name": "玄武吐纳术",
        "hpbuff": 1.5,
        "mpbuff": 0.5,
        "atkbuff": 0.6,
        "ratebuff": 0.7,
        "crit_buff": 0,
        "def_buff": 0,
        "dan_exp": 0,
        "dan_buff": 0,
        "reap_buff": 0,
        "exp_buff": 0,
        "critatk": 0,
        "two_buff": 0,
        "number": 0,
        "clo_exp": 0,
        "clo_rs": 0,
        "random_buff": 0,
        "ew": 0,
        "desc": "",
        "rank": "天阶上品",
        "level": "26"
    },
    "9802": {
        "name": "太上化龙真诀",
        "hpbuff": 0.5,
        "mpbuff": 0.5,
        "atkbuff": 0.5,
        "ratebuff": 1.0,
        "crit_buff": 0,
        "def_buff": 0,
        "dan_exp": 0,
        "dan_buff": 0,
        "reap_buff": 0,
        "exp_buff": 0,
        "critatk": 0,
        "two_buff": 0,
        "number": 0,
        "clo_exp": 0,
        "clo_rs": 0,
        "random_buff": 0,
        "ew": 0,
        "desc": "",
        "rank": "天阶上品",
        "level": "26"
    },
    "9803": {
        "name": "煮海诀",
        "hpbuff": 0.5,
        "mpbuff": 0.5,
        "atkbuff": 0.9,
        "ratebuff": 0.7,
        "crit_buff": 0,
        "def_buff": 0,
        "dan_exp": 0,
        "dan_buff": 0,
        "reap_buff": 0,
        "exp_buff": 0,
        "critatk": 0,
        "two_buff": 0,
        "number": 0,
        "clo_exp": 0,
        "clo_rs": 0,
        "random_buff": 0,
        "ew": 0,
        "desc": "",
        "rank": "天阶上品",
        "level": "26"
    },
    "9804": {
        "name": "万尘归灵诀",
        "hpbuff": 1.0,
        "mpbuff": 1.0,
        "atkbuff": 0.6,
        "ratebuff": 0.7,
        "crit_buff": 0,
        "def_buff": 0,
        "dan_exp": 0,
        "dan_buff": 0,
        "reap_buff": 0,
        "exp_buff": 0,
        "critatk": 0,
        "two_buff": 0,
        "number": 0,
        "clo_exp": 0,
        "clo_rs": 0,
        "random_buff": 0,
        "ew": 0,
        "desc": "",
        "rank": "天阶上品",
        "level": "26"
    },
    "9901": {
        "name": "百兵寂滅诀",
        "hpbuff": 0.4,
        "mpbuff": 0.75,
        "atkbuff": 1.0,
        "ratebuff": 0.25,
        "crit_buff": 0,
        "def_buff": 0,
        "dan_exp": 0,
        "dan_buff": 0,
        "reap_buff": 0,
        "exp_buff": 0,
        "critatk": 0,
        "two_buff": 0,
        "number": 0,
        "clo_exp": 0,
        "clo_rs": 0,
        "random_buff": 0,
        "ew": 0,
        "desc": "",
        "rank": "天阶上品",
        "level": "26"
    },
    "9903": {
        "name": "万象诀",
        "hpbuff": 0.6,
        "mpbuff": 2.0,
        "atkbuff": 0.6,
        "ratebuff": 0.7,
        "crit_buff": 0,
        "def_buff": 0,
        "dan_exp": 0,
        "dan_buff": 0,
        "reap_buff": 0,
        "exp_buff": 0,
        "critatk": 0,
        "two_buff": 0,
        "number": 0,
        "clo_exp": 0,
        "clo_rs": 0,
        "random_buff": 0,
        "ew": 0,
        "desc": "",
        "rank": "天阶上品",
        "level": "26"
    },
    "9902": {
        "name": "真长生诀",
        "hpbuff": 1.2,
        "mpbuff": 0.3,
        "atkbuff": 0.1,
        "ratebuff": 1.5,
        "crit_buff": 0,
        "def_buff": 0,
        "dan_exp": 0,
        "dan_buff": 0,
        "reap_buff": 0,
        "exp_buff": 0,
        "critatk": 0,
        "two_buff": 0,
        "number": 0,
        "clo_exp": 0,
        "clo_rs": 0,
        "random_buff": 0,
        "ew": 0,
        "desc": "",
        "rank": "仙阶下品",
        "level": "26"
    },
    "9910": {
        "name": "元磁神光",
        "hpbuff": 0.9,
        "mpbuff": 0.9,
        "atkbuff": 0.9,
        "ratebuff": 0.9,
        "crit_buff": 0.05,
        "def_buff": 0.05,
        "dan_exp": 5,
        "dan_buff": 1,
        "reap_buff": 2,
        "exp_buff": 0.1,
        "critatk": 0.1,
        "two_buff": 1,
        "number": 3,
        "clo_exp": 0,
        "clo_rs": 0,
        "random_buff": 0,
        "ew": 0,
        "desc": "",
        "rank": "仙阶下品",
        "level": "1"
    },
    "9911": {
        "name": "天罗真功",
        "hpbuff": 0.8,
        "mpbuff": 0.6,
        "atkbuff": 1.25,
        "ratebuff": 1.0,
        "crit_buff": 0.2,
        "def_buff": 0,
        "dan_exp": 0,
        "dan_buff": 0,
        "reap_buff": 0,
        "exp_buff": 0,
        "critatk": 0.5,
        "two_buff": 0,
        "number": 1,
        "clo_exp": 0,
        "clo_rs": 0,
        "random_buff": 0,
        "ew": 0,
        "desc": "",
        "rank": "仙阶下品",
        "level": "1"
    },
    "9912": {
        "name": "吞天魔功",
        "hpbuff": 1.5,
        "mpbuff": 1.5,
        "atkbuff": 1.1,
        "ratebuff": 1.3,
        "crit_buff": 0.1,
        "def_buff": 0.05,
        "dan_exp": 10,
        "dan_buff": 0,
        "reap_buff": 1,
        "exp_buff": 0.2,
        "critatk": 0,
        "two_buff": 0,
        "number": 1,
        "clo_exp": 0,
        "clo_rs": 0,
        "random_buff": 0,
        "ew": 0,
        "desc": "",
        "rank": "仙阶上品",
        "level": "16"
    },
    "9913": {
        "name": "不灭天功",
        "hpbuff": 1.3,
        "mpbuff": 1.5,
        "atkbuff": 1.5,
        "ratebuff": 1.1,
        "crit_buff": 0.15,
        "def_buff": 0.01,
        "dan_exp": 0,
        "dan_buff": 0,
        "reap_buff": 0,
        "exp_buff": 0,
        "critatk": 0.2,
        "two_buff": 0,
        "number": 1,
        "clo_exp": 0,
        "clo_rs": 0,
        "random_buff": 0,
        "ew": 0,
        "desc": "",
        "rank": "仙阶上品",
        "level": "22"
    },
    "9914": {
        "name": "无始经",
        "hpbuff": 1.0,
        "mpbuff": 2.0,
        "atkbuff": 1.5,
        "ratebuff": 1.3,
        "crit_buff": 0.1,
        "def_buff": 0,
        "dan_buff": 0,
        "dan_exp": 0,
        "reap_buff": 1,
        "exp_buff": 0,
        "critatk": 0.25,
        "two_buff": 0,
        "number": 1,
        "clo_exp": 0,
        "clo_rs": 0,
        "random_buff": 0,
        "ew": 0,
        "desc": "",
        "rank": "仙阶上品",
        "level": "22"
    },
    "9915": {
        "name": "度难医经",
        "hpbuff": 1,
        "mpbuff": 1,
        "atkbuff": 0,
        "ratebuff": 1.3,
        "crit_buff": 0,
        "def_buff": 0.1,
        "dan_exp": 10,
        "dan_buff": 2,
        "reap_buff": 2,
        "exp_buff": 0.25,
        "critatk": 0,
        "two_buff": 1,
        "number": 3,
        "clo_exp": 0,
        "clo_rs": 0,
        "random_buff": 0,
        "ew": 0,
        "desc": "",
        "rank": "仙阶上品",
        "level": "1"
    },
    "9916": {
        "name": "紫阳天书",
        "hpbuff": 0.8,
        "mpbuff": 0.8,
        "atkbuff": 0.5,
        "ratebuff": 1,
        "crit_buff": 0,
        "def_buff": 0.1,
        "dan_exp": 5,
        "dan_buff": 1,
        "reap_buff": 5,
        "exp_buff": 0.2,
        "critatk": 0,
        "two_buff": 3,
        "number": 3,
        "clo_exp": 0,
        "clo_rs": 0,
        "random_buff": 0,
        "ew": 0,
        "desc": "",
        "rank": "仙阶上品",
        "level": "1"
    },
    "9917": {
        "name": "金璇波纹功",
        "hpbuff": 1.2,
        "mpbuff": 2.0,
        "atkbuff": 1.1,
        "ratebuff": 1.9,
        "crit_buff": 0.1,
        "def_buff": 0.08,
        "dan_exp": 0,
        "dan_buff": 0,
        "reap_buff": 0,
        "exp_buff": 0.1,
        "critatk": 0.35,
        "two_buff": 2,
        "number": 1,
        "clo_exp": 0,
        "clo_rs": 0,
        "random_buff": 0,
        "ew": 0,
        "desc": "",
        "rank": "仙阶上品",
        "level": "1"
    },
    "9920": {
        "name": "三丰丹经",
        "hpbuff": 1.5,
        "mpbuff": 2.0,
        "atkbuff": 1,
        "ratebuff": 1.7,
        "crit_buff": 0,
        "def_buff": 0.1,
        "dan_exp": 10,
        "dan_buff": 3,
        "reap_buff": 5,
        "exp_buff": 0,
        "critatk": 0,
        "two_buff": 0,
        "number": 0,
        "clo_exp": 0,
        "clo_rs": 0,
        "random_buff": 0,
        "ew": 0,
        "desc": "",
        "rank": "仙阶极品",
        "level": "1"
    },
    "9921": {
        "name": "道师符经",
        "hpbuff": 1.5,
        "mpbuff": 2.0,
        "atkbuff": 2.2,
        "ratebuff": 2.4,
        "crit_buff": 0.4,
        "def_buff": 0,
        "dan_exp": 0,
        "dan_buff": 2,
        "reap_buff": 3,
        "exp_buff": 0.3,
        "critatk": 0.2,
        "two_buff": 0,
        "number": 0,
        "clo_exp": 0,
        "clo_rs": 0,
        "random_buff": 0,
        "ew": 0,
        "desc": "",
        "rank": "仙阶极品",
        "level": "1"
    },
    "9922": {
        "name": "洞玄仙篆",
        "hpbuff": 1.5,
        "mpbuff": 1,
        "atkbuff": 1,
        "ratebuff": 2.9,
        "crit_buff": 0,
        "def_buff": 0.2,
        "dan_exp": 3,
        "dan_buff": 3,
        "reap_buff": 2,
        "exp_buff": 0.5,
        "critatk": 0.3,
        "two_buff": 0,
        "number": 3,
        "clo_exp": 0,
        "clo_rs": 0,
        "random_buff": 0,
        "ew": 0,
        "desc": "",
        "rank": "仙阶极品",
        "level": "1"
    },
    "9923": {
        "name": "离尘仙法",
        "hpbuff": 2,
        "mpbuff": 1,
        "atkbuff": 1.5,
        "ratebuff": 2.1,
        "crit_buff": 0,
        "def_buff": 0.15,
        "dan_exp": 2,
        "dan_buff": 1,
        "reap_buff": 7,
        "exp_buff": 0.2,
        "critatk": 0,
        "two_buff": 3,
        "number": 0,
        "clo_exp": 0,
        "clo_rs": 0,
        "random_buff": 0,
        "ew": 0,
        "desc": "",
        "rank": "仙阶极品",
        "level": "1"
    },
    "9924": {
        "name": "万魔渡",
        "hpbuff": 3.5,
        "mpbuff": 2.5,
        "atkbuff": 1.5,
        "ratebuff": 2.0,
        "crit_buff": 0.2,
        "def_buff": 0.1,
        "dan_exp": 0,
        "dan_buff": 0,
        "reap_buff": 0,
        "exp_buff": 0,
        "critatk": 0.3,
        "two_buff": 5,
        "number": 3,
        "clo_exp": 0,
        "clo_rs": 0,
        "random_buff": 0,
        "ew": 0,
        "desc": "",
        "rank": "仙阶极品",
        "level": "1"
    },
    "9925": {
        "name": "两仪心经",
        "hpbuff": 2.7,
        "mpbuff": 2.0,
        "atkbuff": 1.5,
        "ratebuff": 1.9,
        "crit_buff": 0.2,
        "def_buff": 0,
        "dan_exp": 0,
        "dan_buff": 0,
        "reap_buff": 0,
        "exp_buff": 0.3,
        "critatk": 0,
        "two_buff": 7,
        "number": 4,
        "clo_exp": 0,
        "clo_rs": 0,
        "random_buff": 0,
        "ew": 0,
        "desc": "",
        "rank": "仙阶极品",
        "level": "20"
    },
    "9926": {
        "name": "风神诀",
        "hpbuff": 1.5,
        "mpbuff": 2.7,
        "atkbuff": 2,
        "ratebuff": 2.9,
        "crit_buff": 0.2,
        "def_buff": 0.05,
        "dan_exp": 0,
        "dan_buff": 0,
        "reap_buff": 0,
        "exp_buff": 0.3,
        "critatk": 0.45,
        "two_buff": 2,
        "number": 5,
        "clo_exp": 0,
        "clo_rs": 0,
        "random_buff": 0,
        "ew": 0,
        "desc": "",
        "rank": "仙阶极品",
        "level": "1"
    },
    "9930": {
        "name": "神合大法",
        "hpbuff": 4.0,
        "mpbuff": 2.0,
        "atkbuff": 2,
        "ratebuff": 2.9,
        "crit_buff": 0,
        "def_buff": 0,
        "dan_exp": 0,
        "dan_buff": 3,
        "reap_buff": 0,
        "exp_buff": 0.5,
        "critatk": 0.2,
        "two_buff": 13,
        "number": 0,
        "clo_exp": 0,
        "clo_rs": 0,
        "random_buff": 0,
        "ew": 0,
        "desc": "",
        "rank": "无上仙法",
        "level": "1"
    },
    "9931": {
        "name": "渡劫天功",
        "hpbuff": 4,
        "mpbuff": 2.0,
        "atkbuff": 2,
        "ratebuff": 3.4,
        "crit_buff": 0,
        "def_buff": 0.2,
        "dan_exp": 0,
        "dan_buff": 0,
        "reap_buff": 0,
        "exp_buff": 0.7,
        "critatk": 0.2,
        "two_buff": 5,
        "number": 15,
        "clo_exp": 0,
        "clo_rs": 0,
        "random_buff": 0,
        "ew": 0,
        "desc": "",
        "rank": "无上仙法",
        "level": "1"
    },
    "9932": {
        "name": "混沌经",
        "hpbuff": 5.0,
        "mpbuff": 4,
        "atkbuff": 2.5,
        "ratebuff": 2.3,
        "crit_buff": 0.2,
        "def_buff": 0.2,
        "dan_exp": 4,
        "dan_buff": 2,
        "reap_buff": 4,
        "exp_buff": 0.3,
        "critatk": 0.5,
        "two_buff": 5,
        "number": 7,
        "clo_exp": 0,
        "clo_rs": 0,
        "random_buff": 0,
        "ew": 0,
        "desc": "",
        "rank": "无上仙法",
        "level": "1"
    },
    "9933": {
        "name": "太清丹经",
        "hpbuff": 3,
        "mpbuff": 4.0,
        "atkbuff": 1.5,
        "ratebuff": 3.1,
        "crit_buff": 0,
        "def_buff": 0.25,
        "dan_exp": 20,
        "dan_buff": 7,
        "reap_buff": 7,
        "exp_buff": 0.4,
        "critatk": 0,
        "two_buff": 6,
        "number": 5,
        "clo_exp": 0,
        "clo_rs": 0,
        "random_buff": 0,
        "ew": 0,
        "desc": "",
        "rank": "无上仙法",
        "level": "1"
    },
    "9934": {
        "name": "天地玄功",
        "hpbuff": 3.5,
        "mpbuff": 4.0,
        "atkbuff": 2,
        "ratebuff": 3.1,
        "crit_buff": 0,
        "def_buff": 0.25,
        "dan_exp": 10,
        "dan_buff": 4,
        "reap_buff": 12,
        "exp_buff": 0.45,
        "critatk": 0.5,
        "two_buff": 5,
        "number": 5,
        "clo_exp": 0,
        "clo_rs": 0,
        "random_buff": 0,
        "ew": 0,
        "desc": "",
        "rank": "无上仙法",
        "level": "1"
    },
    "15355": {
        "name": "自在天功",
        "hpbuff": 3,
        "mpbuff": 3,
        "atkbuff": 1,
        "ratebuff": 4,
        "crit_buff": 0.1,
        "def_buff": 0.15,
        "dan_exp": 15,
        "dan_buff": 4,
        "reap_buff": 0,
        "exp_buff": 0.5,
        "critatk": 0,
        "two_buff": 5,
        "number": 7,
        "clo_exp": 10,
        "clo_rs": 10,
        "random_buff": 0,
        "ew": 0,
        "desc": "",
        "rank": "无上仙法",
        "level": "1"
    },
    "15356": {
        "name": "太乙神功",
        "hpbuff": 5,
        "mpbuff": 4.0,
        "atkbuff": 2.2,
        "ratebuff": 2.5,
        "crit_buff": 1,
        "def_buff": 0.2,
        "dan_exp": 0,
        "dan_buff": 0,
        "reap_buff": 0,
        "exp_buff": 0.2,
        "critatk": 0.5,
        "two_buff": 5,
        "number": 6,
        "clo_exp": 0,
        "clo_rs": 0,
        "random_buff": 0,
        "ew": 0,
        "desc": "",
        "rank": "无上仙法",
        "level": "1"
    },
    "15357": {
        "name": "八九玄功",
        "hpbuff": 4.2,
        "mpbuff": 5.0,
        "atkbuff": 2.4,
        "ratebuff": 4,
        "crit_buff": 0.2,
        "def_buff": 0.15,
        "dan_exp": 0,
        "dan_buff": 0,
        "reap_buff": 5,
        "exp_buff": 0.5,
        "critatk": 0.5,
        "two_buff": 5,
        "number": 7,
        "clo_exp": 0,
        "clo_rs": 0,
        "random_buff": 1,
        "ew": 0,
        "desc": "",
        "rank": "无上仙法",
        "level": "1"
    },
    "15358": {
        "name": "无始仙经",
        "hpbuff": 3.7,
        "mpbuff": 3.0,
        "atkbuff": 2.7,
        "ratebuff": 3,
        "crit_buff": 0.2,
        "def_buff": 0,
        "dan_exp": 0,
        "dan_buff": 2,
        "reap_buff": 0,
        "exp_buff": 0.55,
        "critatk": 0.7,
        "two_buff": 7,
        "number": 7,
        "clo_exp": 0,
        "clo_rs": 0,
        "random_buff": 0,
        "ew": 15453,
        "desc": "",
        "rank": "无上仙法",
        "level": "1"
    },
    "9935": {
        "name": "暗渊灭世功",
        "hpbuff": 4.5,
        "mpbuff": 4,
        "atkbuff": 2.7,
        "ratebuff": 2.6,
        "crit_buff": 0.25,
        "def_buff": 0.15,
        "dan_exp": 0,
        "dan_buff": 0,
        "reap_buff": 0,
        "exp_buff": 0.4,
        "critatk": 0.7,
        "two_buff": 5,
        "number": 5,
        "clo_exp": 0,
        "clo_rs": 0,
        "random_buff": 0,
        "ew": 0,
        "desc": "",
        "rank": "无上仙法",
        "level": "1"
    },
    "9938": {
        "name": "轮回诀",
        "hpbuff": 5,
        "mpbuff": 2.5,
        "atkbuff": 2.2,
        "ratebuff": 3.5,
        "crit_buff": 0.1,
        "def_buff": 0.25,
        "dan_exp": 0,
        "dan_buff": 0,
        "reap_buff": 5,
        "exp_buff": 0.65,
        "critatk": 0.3,
        "two_buff": 5,
        "number": 11,
        "clo_exp": 0,
        "clo_rs": 0,
        "random_buff": 0,
        "ew": 0,
        "desc": "",
        "rank": "无上仙法",
        "level": "1"
    },
    "9936": {
        "name": "弑仙魔典",
        "hpbuff": 4,
        "mpbuff": 3.0,
        "atkbuff": 3,
        "ratebuff": 2.7,
        "crit_buff": 0.2,
        "def_buff": 0,
        "dan_exp": 0,
        "dan_buff": 0,
        "reap_buff": 0,
        "exp_buff": 0.4,
        "critatk": 1.25,
        "two_buff": 5,
        "number": 3,
        "clo_exp": 0,
        "clo_rs": 0,
        "random_buff": 0,
        "ew": 0,
        "desc": "",
        "rank": "无上仙法",
        "level": "1"
    },
    "9937": {
        "name": "一气化三清",
        "hpbuff": 6,
        "mpbuff": 6,
        "atkbuff": 3,
        "ratebuff": 3.7,
        "crit_buff": 0.3,
        "def_buff": -0.2,
        "dan_exp": 5,
        "dan_buff": 3,
        "reap_buff": 3,
        "exp_buff": 0.5,
        "critatk": 0.7,
        "two_buff": 9,
        "number": 9,
        "clo_exp": 0,
        "clo_rs": 0,
        "random_buff": 0,
        "ew": 0,
        "desc": "",
        "rank": "无上仙法",
        "level": "1"
    }
}