{
    "人阶下品": {
        "type_rate": 8000,
        "gf_list": [
            "9001",
            "9002",
            "9003",
            "9004",
            "9005"
        ],
        "st_list": [
            "8001",
            "8002",
            "8003",
            "8004",
            "8005"
        ],
        "fx_list": [
            "10001"
        ],
        "rank": 54
    },
    "人阶上品": {
        "type_rate": 4000,
        "gf_list": [
            "9011",
            "9012",
            "9013",
            "9014",
            "9100",
            "9099"
        ],
        "st_list": [
            "8101",
            "8102",
            "8103",
            "8104",
            "8105"
        ],
        "fx_list": [
            "10002"
        ],
        "rank": 49
    },
    "黄阶下品": {
        "type_rate": 2000,
        "gf_list": [
            "9101",
            "9102",
            "9103",
            "9104",
            "9200"
        ],
        "st_list": [
            "8201",
            "8202",
            "8203",
            "8204",
            "8205"
        ],
        "fx_list": [
            "10101"
        ],
        "rank": 46
    },
    "黄阶上品": {
        "type_rate": 1000,
        "gf_list": [
            "9201",
            "9202",
            "9203",
            "9204",
            "9300"
        ],
        "st_list": [
            "8301",
            "8302",
            "8303",
            "8304",
            "8305"
        ],
        "fx_list": [
            "10101"
        ],
        "rank": 43
    },
    "玄阶下品": {
        "type_rate": 500,
        "gf_list": [
            "9301",
            "9302",
            "9303",
            "9304",
            "9400"
        ],
        "st_list": [
            "8401",
            "8402",
            "8403",
            "8404",
            "8405"
        ],
        "fx_list": [
            "10201"
        ],
        "rank": 40
    },
    "玄阶上品": {
        "type_rate": 250,
        "gf_list": [
            "9401",
            "9402",
            "9403",
            "9404",
            "9500"
        ],
        "st_list": [
            "8501",
            "8502",
            "8503",
            "8504",
            "8505"
        ],
        "fx_list": [
            "10202"
        ],
        "rank": 37
    },
    "地阶下品": {
        "type_rate": 125,
        "gf_list": [
            "9501",
            "9502",
            "9503",
            "9504",
            "9600"
        ],
        "st_list": [
            "8601",
            "8602",
            "8603",
            "8604",
            "8605"
        ],
        "fx_list": [
            "10311",
            "10312"
        ],
        "rank": 34
    },
    "地阶上品": {
        "type_rate": 60,
        "gf_list": [
            "9601",
            "9602",
            "9603",
            "9604",
            "9700"
        ],
        "st_list": [
            "8701",
            "8702",
            "8703",
            "8704",
            "8705"
        ],
        "fx_list": [
            "10313",
            "10314",
            "10315"
        ],
        "rank": 31
    },
    "天阶下品": {
        "type_rate": 30,
        "gf_list": [
            "9701",
            "9702",
            "9703",
            "9704",
            "9800"
        ],
        "st_list": [
            "8801",
            "8802",
            "8803",
            "8804",
            "8805"
        ],
        "fx_list": [
            "10404",
            "10401"
        ],
        "rank": 28
    },
    "天阶上品": {
        "type_rate": 10,
        "gf_list": [
            "9801",
            "9802",
            "9803",
            "9804",
            "9900",
            "9901",
            "9903"
        ],
        "st_list": [
            "8901",
            "8902",
            "8903",
            "8905",
            "8907"
        ],
        "fx_list": [
            "10408"
        ],
        "rank": 25
    }
}