{
    "10001": {
        "name": "饮血术",
        "buff_type": "6",
        "buff": "5",
        "buff2": "0",
        "stone": 0,
        "integral": 0,
        "jin": 0,
        "drop": 0,
        "fan": 0,
        "break": 0,
        "exp": 0,
        "desc": "",
        "rank": "人阶下品",
        "level": "50"
    },
    "10002": {
        "name": "夺灵诀",
        "buff_type": "7",
        "buff": "5",
        "buff2": "0",
        "stone": 0,
        "integral": 0,
        "jin": 0,
        "drop": 0,
        "fan": 0,
        "break": 0,
        "exp": 0,
        "desc": "",
        "rank": "人阶下品",
        "level": "50"
    },
    "10003": {
        "name": "五府锻元诀",
        "buff_type": "2",
        "buff": "15",
        "buff2": "0",
        "stone": 0,
        "integral": 0,
        "jin": 0,
        "drop": 0,
        "fan": 0,
        "break": 0,
        "exp": 0,
        "desc": "",
        "rank": "人阶下品",
        "level": "50"
    },
    "10101": {
        "name": "长生诀",
        "buff_type": "4",
        "buff": "3",
        "buff2": "0",
        "stone": 0,
        "integral": 0,
        "jin": 0,
        "drop": 0,
        "fan": 0,
        "break": 0,
        "exp": 0,
        "desc": "",
        "rank": "黄阶下品",
        "level": "42"
    },
    "10102": {
        "name": "养刀术",
        "buff_type": "3",
        "buff": "15",
        "buff2": "0",
        "stone": 0,
        "integral": 0,
        "jin": 0,
        "drop": 0,
        "fan": 0,
        "break": 0,
        "exp": 0,
        "desc": "",
        "rank": "黄阶下品",
        "level": "42"
    },
    "10201": {
        "name": "方圆",
        "buff_type": "4",
        "buff": "4",
        "buff2": "0",
        "stone": 0,
        "integral": 0,
        "jin": 0,
        "drop": 0,
        "fan": 0,
        "break": 0,
        "exp": 0,
        "desc": "",
        "rank": "玄阶下品",
        "level": "33"
    },
    "10202": {
        "name": "敛息术",
        "buff_type": "5",
        "buff": "4",
        "buff2": "0",
        "stone": 0,
        "integral": 0,
        "jin": 0,
        "drop": 0,
        "fan": 0,
        "break": 0,
        "exp": 0,
        "desc": "",
        "rank": "玄阶下品",
        "level": "36"
    },
    "10203": {
        "name": "飞星剑诀",
        "buff_type": "3",
        "buff": "30",
        "buff2": "0",
        "stone": 0,
        "integral": 0,
        "jin": 0,
        "drop": 0,
        "fan": 0,
        "break": 0,
        "exp": 0,
        "desc": "",
        "rank": "玄阶下品",
        "level": "36"
    },
    "10311": {
        "name": "静气诀",
        "buff_type": "5",
        "buff": "5",
        "buff2": "0",
        "stone": 0,
        "integral": 0,
        "jin": 0,
        "drop": 0,
        "fan": 0,
        "break": 0,
        "exp": 0,
        "desc": "",
        "rank": "地阶上品",
        "level": "27"
    },
    "10312": {
        "name": "生生造化诀",
        "buff_type": "7",
        "buff": "8",
        "buff2": "0",
        "stone": 0,
        "integral": 0,
        "jin": 0,
        "drop": 0,
        "fan": 0,
        "break": 0,
        "exp": 0,
        "desc": "",
        "rank": "地阶上品",
        "level": "27"
    },
    "10313": {
        "name": "长春通玄录",
        "buff_type": "4",
        "buff": "5",
        "buff2": "0",
        "stone": 0,
        "integral": 0,
        "jin": 0,
        "drop": 0,
        "fan": 0,
        "break": 0,
        "exp": 0,
        "desc": "",
        "rank": "地阶上品",
        "level": "27"
    },
    "10314": {
        "name": "少阳诀",
        "buff_type": "6",
        "buff": "9",
        "buff2": "0",
        "stone": 0,
        "integral": 0,
        "jin": 0,
        "drop": 0,
        "fan": 0,
        "break": 0,
        "exp": 0,
        "desc": "",
        "rank": "地阶上品",
        "level": "27"
    },
    "10315": {
        "name": "紫霄功",
        "buff_type": "7",
        "buff": "10",
        "buff2": "0",
        "stone": 0,
        "integral": 0,
        "jin": 0,
        "drop": 0,
        "fan": 0,
        "break": 0,
        "exp": 0,
        "desc": "",
        "rank": "地阶上品",
        "level": "27"
    },
    "10401": {
        "name": "玄门引气真诀",
        "buff_type": "4",
        "buff": "6",
        "buff2": "0",
        "stone": 0,
        "integral": 0,
        "jin": 0,
        "drop": 0,
        "fan": 0,
        "break": 0,
        "exp": 0,
        "desc": "",
        "rank": "天阶下品",
        "level": "24"
    },
    "10402": {
        "name": "真神威录",
        "buff_type": "2",
        "buff": "70",
        "buff2": "0",
        "stone": 0,
        "integral": 0,
        "jin": 0,
        "drop": 0,
        "fan": 0,
        "break": 0,
        "exp": 0,
        "desc": "",
        "rank": "天阶下品",
        "level": "-5"
    },
    "10403": {
        "name": "太乙剑诀",
        "buff_type": "3",
        "buff": "100",
        "buff2": "0",
        "stone": 0,
        "integral": 0,
        "jin": 0,
        "drop": 0,
        "fan": 0,
        "break": 0,
        "exp": 0,
        "desc": "",
        "rank": "天阶下品",
        "level": "-5"
    },
    "10404": {
        "name": "玄清天衍录",
        "buff_type": "5",
        "buff": "7",
        "buff2": "0",
        "stone": 0,
        "integral": 0,
        "jin": 0,
        "drop": 0,
        "fan": 0,
        "break": 0,
        "exp": 0,
        "desc": "",
        "rank": "天阶下品",
        "level": "24"
    },
    "10408": {
        "name": "血毒经",
        "buff_type": "8",
        "buff": "5",
        "buff2": "0",
        "stone": 0,
        "integral": 0,
        "jin": 0,
        "drop": 0,
        "fan": 0,
        "break": 0,
        "exp": 0,
        "desc": "",
        "rank": "天阶下品",
        "level": "24"
    },
    "10411": {
        "name": "真龙九变",
        "buff_type": "1",
        "buff": "70",
        "buff2": "0",
        "stone": 0,
        "integral": 0,
        "jin": 0,
        "drop": 0,
        "fan": 0,
        "break": 0,
        "exp": 0,
        "desc": "",
        "rank": "天阶上品",
        "level": "-5"
    },
    "15404": {
        "name": "日月双华",
        "buff_type": "9",
        "buff": "5",
        "buff2": "5",
        "stone": 0,
        "integral": 0,
        "jin": 0,
        "drop": 0,
        "fan": 0,
        "break": 0,
        "exp": 0,
        "desc": "",
        "rank": "仙阶下品",
        "level": "-5"
    },
    "15405": {
        "name": "黄泉死气",
        "buff_type": "10",
        "buff": "0",
        "buff2": "0",
        "stone": 0,
        "integral": 0,
        "jin": 0,
        "drop": 0,
        "fan": 0,
        "break": 0,
        "exp": 0,
        "desc": "",
        "rank": "仙阶上品",
        "level": "-5"
    },
    "15406": {
        "name": "反咒禁制",
        "buff_type": "11",
        "buff": "0",
        "buff2": "0",
        "stone": 0,
        "integral": 0,
        "jin": 0,
        "drop": 0,
        "fan": 1,
        "break": 0.1,
        "exp": 0,
        "desc": "",
        "rank": "无上仙法",
        "level": "-5"
    },
    "15407": {
        "name": "聚宝功",
        "buff_type": "12",
        "buff": "0",
        "buff2": "0",
        "stone": 2,
        "integral": 10,
        "jin": 0,
        "drop": 0,
        "fan": 0,
        "break": 0,
        "exp": 0,
        "desc": "",
        "rank": "仙阶极品",
        "level": "-5"
    },
    "15408": {
        "name": "斗战诀",
        "buff_type": "13",
        "buff": "0",
        "buff2": "0",
        "stone": 0,
        "integral": 0,
        "jin": 0,
        "drop": 0,
        "fan": 0,
        "break": 0.5,
        "exp": 0.5,
        "desc": "",
        "rank": "无上仙法",
        "level": "-5"
    }
}