{
    "15000": {
        "name": "薤叶芸香",
        "type": "神物",
        "rank": 32,
        "desc": "一种奇异的灵草",
        "境界": "圣祭境初期",
        "buff_type": "exp_up",
        "all_num": 100,
        "buff": 10000000,
        "mix_need_time": 60,
        "mix_exp": 10,
        "mix_all": 100,
        "elixir_config": {
            "2": 2816,
            "4": 2816
        }
    },
    "15001": {
        "name": "碎星之晶",
        "type": "神物",
        "rank": 29,
        "desc": "天外飞星坠入地表后的碎片，其中蕴含的能量竟然堪比虚道境强者一击...",
        "境界": "天神境初期",
        "buff_type": "exp_up",
        "all_num": 100,
        "buff": 15000000,
        "mix_need_time": 60,
        "mix_exp": 10,
        "mix_all": 100,
        "elixir_config": {
            "2": 2816,
            "4": 2816
        }
    },
    "15002": {
        "name": "地心淬体乳",
        "type": "神物",
        "rank": 26,
        "desc": "地心孕育的奇妙乳液，对修行有极大的裨益",
        "境界": "虚道境初期",
        "buff_type": "exp_up",
        "all_num": 100,
        "buff": 20000000,
        "mix_need_time": 60,
        "mix_exp": 10,
        "mix_all": 100,
        "elixir_config": {
            "2": 2816,
            "4": 2816
        }
    },
    "15003": {
        "name": "天山雪莲",
        "type": "神物",
        "rank": 23,
        "desc": "生长在雪神山最深处的神物，一片莲叶便能使人起死回生...",
        "境界": "斩我境初期",
        "buff_type": "exp_up",
        "all_num": 100,
        "buff": 50000000,
        "mix_need_time": 60,
        "mix_exp": 10,
        "mix_all": 100,
        "elixir_config": {
            "2": 2816,
            "4": 2816
        }
    },
    "15004": {
        "name": "地心冰母",
        "type": "神物",
        "rank": 20,
        "desc": "诞生于炙热的地心却，却无比的冰冷，传说和九幽火母融合后有着奇妙的作用",
        "境界": "遁一境初期",
        "buff_type": "exp_up",
        "all_num": 100,
        "buff": 100000000,
        "mix_need_time": 60,
        "mix_exp": 10,
        "mix_all": 100,
        "elixir_config": {
            "2": 2816,
            "4": 2816
        }
    },
    "15005": {
        "name": "九幽火母",
        "type": "神物",
        "rank": 17,
        "desc": "诞生于极寒的九幽，却无比的炙热，传说和地心冰母融合后有着奇妙的作用",
        "境界": "至尊境初期",
        "buff_type": "exp_up",
        "all_num": 100,
        "buff": 200000000,
        "mix_need_time": 60,
        "mix_exp": 10,
        "mix_all": 100,
        "elixir_config": {
            "2": 2816,
            "4": 2816
        }
    },
    "15006": {
        "name": "双子莲",
        "type": "神物",
        "rank": 14,
        "desc": "....",
        "境界": "真仙境初期",
        "buff_type": "exp_up",
        "all_num": 100,
        "buff": 1000000000,
        "mix_need_time": 60,
        "mix_exp": 10,
        "mix_all": 100,
        "elixir_config": {
            "2": 2816,
            "4": 2816
        }
    },
    "15007": {
        "name": "合道花",
        "type": "神物",
        "rank": 11,
        "desc": "只存在传说里的神物，就算是凡人服下亦能让其成就至尊之身...",
        "境界": "仙王境初期",
        "buff_type": "exp_up",
        "all_num": 100,
        "buff": 2000000000,
        "mix_need_time": 60,
        "mix_exp": 10,
        "mix_all": 100,
        "elixir_config": {
            "2": 2816,
            "4": 2816
        }
    },
    "15008": {
        "name": "神灵花",
        "type": "神物",
        "rank": 8,
        "desc": "....！",
        "境界": "准帝境初期",
        "buff_type": "exp_up",
        "all_num": 100,
        "buff": 10000000000,
        "mix_need_time": 60,
        "mix_exp": 10,
        "mix_all": 100,
        "elixir_config": {
            "2": 2816,
            "4": 2816
        }
    }
}