{
    "江湖好手": {
        "陷害厉飞雨": {
            "level": "易",
            "succeed": "毫无痕迹地在厉飞雨厕纸上抹上风油精，成功获得雇主的奖励！",
            "fail": "正欲下手之时被韩立发现，一番求饶才险险逃脱"
        }
    },
    "搬血境": {
        "围剿野狼帮": {
            "level": "易",
            "succeed": "暗中参与四大门派围剿野狼帮，浑水摸鱼得到不少灵石",
            "fail": "路上手段过于血腥张扬，还没打到山门野狼帮就集体跑路了..."
        },
        "对凡人扮猪吃老虎": {
            "level": "中",
            "succeed": "无耻的你在恰到好处之时展现了自己的修仙者身份，成功敲诈一笔灵石！",
            "fail": "碰瓷时遇到萧炎，被狠狠思想教育了一番..."
        }
    },
    "洞天境": {
        "暗杀五色门门主": {
            "level": "易",
            "succeed": "潜入五色门无声无息成功做掉了新任五色门主",
            "fail": "在路上险些被修仙者逮到干涉凡人事务，只得作罢"
        },
        "活捉涂山苏苏": {
            "level": "中",
            "succeed": "皇天不负有心人，用糖果把涂山苏苏骗到手了！",
            "fail": "东方月初及时赶到，差点被打死"
        },
        "阻止魔道侵扰边境": {
            "level": "中",
            "succeed": "成功拦截魔道宵小，用战利品换取了一些灵石",
            "fail": "陷入魔道的包围圈，你跑得最快保住性命，但任务失败了"
        }
    },
    "化灵境": {
        "暗杀筑基期魔道精英": {
            "level": "易",
            "succeed": "无耻的你伪装成筑基初期干掉了不知道多少魔道弟子",
            "fail": "筑基小辈身上竟然藏有元婴期长辈神念，只能落荒而逃..."
        },
        "牵制鬼灵门长老": {
            "level": "中",
            "succeed": "利用地形优势边跑边打，鬼灵门老贼对你毫无办法！",
            "fail": "得意忘形上前挑衅，直接被大神通击中，牵制失败..."
        },
        "协助破除上古禁制": {
            "level": "中",
            "succeed": "及时察觉禁制不妥退至众人身后，成功分到其中宝物",
            "fail": "在你专心破解时禁制突然自爆，宝物被其他人一扫而空..."
        },
        "捉拿外星海虫魔": {
            "level": "难",
            "succeed": "轻松擒下作乱的虫魔，交给雇主拿到了赏金！",
            "fail": "倒霉遇到真虫魔，白白被噬金虫吞掉好几件宝物..."
        }
    },
    "铭纹境": {
        "护卫炼器师炼制奇宝": {
            "level": "易",
            "succeed": "惊走宵小震慑同阶，奇宝成功出世！",
            "fail": "被路过的老怪一巴掌拍飞，连炼器师都被掳走了..."
        },
        "阻止唐三复活女大学生": {
            "level": "中",
            "succeed": "你偷偷的把女大学生的魂骨换成了大体老师的骨头，复活进行到一半唐三的魂环全炸了...",
            "fail": "来迟一步，只看到了唐三大喊:复活吧我滴爱人！"
        },
        "伏击破封古魔": {
            "level": "中",
            "succeed": "趁古魔不注意一拥而上，直接将其锤至灰飞烟灭！",
            "fail": "同行人各怀心思，被古魔各个击破数人后只能四散而逃..."
        },
        "潜入小极宫盗取灵焰": {
            "level": "难",
            "succeed": "趁兽潮冲击小极宫趁虚而入，成功盗得一种极寒灵焰！",
            "fail": "潜入时刚好撞见长老回转，被困在玄玉洞中三个月..."
        }
    },
    "列阵境": {
        "隐藏修为给凡人批发机缘": {
            "level": "中",
            "succeed": "游历山水送出不少机缘，功德upup",
            "fail": "世风日下小辈全是老六，机缘送无可送..."
        },
        "阻止新晋化神横行作乱": {
            "level": "中",
            "succeed": "力压新晋化神，成功教其做人！",
            "fail": "被新晋化神轻易击败，不仅元气大伤，还背地里被小辈当作笑柄..."
        },
        "协助突破化神瓶颈": {
            "level": "难",
            "succeed": "有你的莫大神通助力，门人成功突破化神瓶颈，人界又添一尊化神大能",
            "fail": "平日修行不足，不仅门人突破失败，自己还差点跌落一个小境界..."
        },
        "击杀魔界圣祖神念": {
            "level": "高难",
            "succeed": "手段底牌尽出，险险胜过圣祖神念一分，不负今生苦修！",
            "fail": "刚和魔界圣祖照面就深觉不敌，直接舍弃一大半精血跨越虚空逃走————"
        }
    },
    "尊者境": {
        "肃清异族探子": {
            "level": "中",
            "succeed": "大展神通，找出并擒下无数异族，一时异族人人自危！",
            "fail": "不仅没找到异族探子，手下的修士还被异族偷袭陨落了..."
        },
        "进入蛮荒禁地寻宝": {
            "level": "中",
            "succeed": "你尽全力克制自己，成功和同行人一起携宝返回！",
            "fail": "尽管你全力克制自己，还是一个人带着异宝跑路了，任务失败..."
        },
        "重伤萧炎": {
            "level": "难",
            "succeed": "你布下阵法成功限制住萧炎周身的天地元气，一举将其重伤！",
            "fail": "三十年河东三十年河西，莫欺少年穷，任务失败！"
        },
        "返回人界收集灵材": {
            "level": "难",
            "succeed": "成功返回下界，故地重游并顺利收集到灵材！",
            "fail": "跨界时遭遇空间风暴，白白浪费一枚逆星盘..."
        },
        "逃过魔界圣祖跨界追杀": {
            "level": "高难",
            "succeed": "被魔界圣祖从魔界追杀到灵界，幸好有人族大能路过，成功逃出生天！",
            "fail": "被魔界圣祖全力一击打出位面，化身卡兹在位面间漂流了小半年..."
        }
    },
    "神火境": {
        "击败青龙上人": {
            "level": "中",
            "succeed": "通过扮成唐氏，一击击败得意忘形的青龙上人",
            "fail": "不是所有爱装比的人都很弱！过于轻视青龙上人结果被击败了..."
        },
        "击杀地渊妖王": {
            "level": "中",
            "succeed": "无耻的你算准时机偷袭击杀了最弱的地渊妖王！",
            "fail": "气血上脑挑战最强妖王，被传送到保加利亚..."
        },
        "击杀魔界圣祖化身": {
            "level": "难",
            "succeed": "一击重伤圣祖化身，报复性追杀数月后将其击杀！",
            "fail": "一击偷袭圣祖化身不成，反被追杀数月..."
        },
        "重伤雷云子": {
            "level": "难",
            "succeed": "布下上古困阵封住雷云子雷阵，在阵破之前成功将其重伤！",
            "fail": "千钧一发之际雷云子用雷阵逃走，任务失败..."
        },
        "逃过异族大乘追杀": {
            "level": "高难",
            "succeed": "激发全部逃命天赋，一瞬逃出万里成功摆脱追杀！",
            "fail": "激发全部逃命天赋，一瞬逃出万里一头撞进上古禁制，身受重伤..."
        }
    },
    "真一境": {
        "击杀阴司界妖王": {
            "level": "中",
            "succeed": "一个路人罢了，韩立行你也行，任务成功。",
            "fail": "写不下去了，总之失败就是你人品不行"
        },
        "击杀夜叉族夜枭王": {
            "level": "中",
            "succeed": "你的法力深不可测，夜枭王只能自取其辱！",
            "fail": "在人族众修面前败给异族，颜面扫地..."
        },
        "重伤轩九灵": {
            "level": "难",
            "succeed": "正面硬抗九劫灭灵大法，成功重伤轩九灵！",
            "fail": "不敌九劫灭灵大法，轩九灵留下重伤的你扬长而去..."
        },
        "击败啸月天狼": {
            "level": "难",
            "succeed": "一代新人换旧人，手段尽出击败妖族第一大乘！",
            "fail": "修行不足，惜败妖族第一大乘！"
        },
        "合力围杀螟虫之母": {
            "level": "高难",
            "succeed": "成功削弱螟虫之母灵力，并且顺利全身而退！",
            "fail": "围杀失败成为螟虫之母的傀儡，只能等韩老魔来解救..."
        }
    },
    "圣祭境": {
        "击退角蚩族老祖": {
            "level": "中",
            "succeed": "稍稍展露神通，直接惊退角蚩族老祖",
            "fail": "稍稍展露神通，没想到被摸清底细一击重伤..."
        },
        "击退魔界始祖": {
            "level": "中",
            "succeed": "以肉身硬抗涅槃圣祖，威震真魔界！",
            "fail": "完全无法抵抗魔界始祖，只能自爆法体换取生机..."
        },
        "破除真仙界遗留封印": {
            "level": "难",
            "succeed": "运用毕生所学昼夜不休耗时半个月成功解除封印",
            "fail": "你平时只知道死脑筋修炼，堂堂圣祭境对阵法一窍不通..."
        },
        "重伤真仙马良": {
            "level": "难",
            "succeed": "和灵界众修合力封印万灵血玺，成功重伤马良！",
            "fail": "预测失误封印失败，又一大陆即将生灵涂炭..."
        },
        "重伤海外散修厉飞雨": {
            "level": "高难",
            "succeed": "重伤老魔厉飞雨，大快人心，乡亲们夹道欢迎！",
            "fail": "拼尽全力还是不敌多宝男，道友再接再厉！"
        }
    },
    "天神境": {
        "击退魔界始祖": {
            "level": "中",
            "succeed": "以肉身硬抗涅槃圣祖，威震真魔界！",
            "fail": "完全无法抵抗魔界始祖，只能自爆法体换取生机..."
        },
        "破除真仙界遗留封印": {
            "level": "难",
            "succeed": "运用毕生所学昼夜不休耗时半个月成功解除封印",
            "fail": "你平时只知道死脑筋修炼，堂堂渡劫期对阵法一窍不通..."
        },
        "重伤真仙马良": {
            "level": "难",
            "succeed": "和灵界众修合力封印万灵血玺，成功重伤马良！",
            "fail": "预测失误封印失败，又一大陆即将生灵涂炭..."
        },
        "重伤海外散修厉飞雨": {
            "level": "高难",
            "succeed": "重伤老魔厉飞雨，大快人心，乡亲们夹道欢迎！",
            "fail": "拼尽全力还是不敌多宝男，道友再接再厉！"
        }
    },
    "虚道境": {
        "击退魔界始祖": {
            "level": "中",
            "succeed": "以肉身硬抗涅槃圣祖，威震真魔界！",
            "fail": "完全无法抵抗魔界始祖，只能自爆法体换取生机..."
        },
        "破除真仙界遗留封印": {
            "level": "难",
            "succeed": "运用毕生所学昼夜不休耗时半个月成功解除封印",
            "fail": "你平时只知道死脑筋修炼，堂堂渡劫期对阵法一窍不通..."
        },
        "重伤真仙马良": {
            "level": "难",
            "succeed": "和灵界众修合力封印万灵血玺，成功重伤马良！",
            "fail": "预测失误封印失败，又一大陆即将生灵涂炭..."
        },
        "重伤海外散修厉飞雨": {
            "level": "高难",
            "succeed": "重伤老魔厉飞雨，大快人心，乡亲们夹道欢迎！",
            "fail": "拼尽全力还是不敌多宝男，道友再接再厉！"
        }
    },
    "斩我境": {
        "击杀黯星之子": {
            "level": "中",
            "succeed": "根据预言使出大法力瞬移到黯星之子的出生地，杀了个鸡犬不留，蚯蚓被竖着劈开，鸡蛋都给它摇匀了",
            "fail": "慢慢的来到黯星之子的出生地，结果扑了个空"
        },
        "重伤合欢宗老祖": {
            "level": "难",
            "succeed": "乔装打扮一番后成功迷惑合欢宗老祖，趁其不备一招重伤了这个老玻璃",
            "fail": "乔装打扮一番结果忘了刮腿毛被老祖识破，老祖一招合欢奇术便让你雌堕..."
        },
        "击杀天降生物泰坦": {
            "level": "难",
            "succeed": "趁泰坦还未坠入地表时布下阵法，待泰坦落下时运转大阵将其绞杀",
            "fail": "机智的你准备等众修上去消耗一番后再冲，结果发现泰坦越战越勇..."
        },
        "研究异界之罐": {
            "level": "高难",
            "succeed": "仔细研究后发现此罐会喷出让人短暂失忆的气体，老奸巨猾的你准备把它送给朋友...",
            "fail": "欸，这是什么？失忆喷雾？喷一下...欸，这是什么？失忆喷雾？喷一下...欸，这是什么？失忆喷雾？喷一下......"
        }
    },
    "遁一境": {
        "击退百龙夜行": {
            "level": "中",
            "succeed": "合理利用防御设施成功击退百龙夜行",
            "fail": "瞎几把用设施导致防线全面崩溃..."
        },
        "暗杀噬族天才": {
            "level": "中",
            "succeed": "用尽下流手段成功暗杀噬族天才！不齿！",
            "fail": "准备动手时收到消息“有内鬼，终止暗杀”"
        },
        "收集火麒麟之血": {
            "level": "难",
            "succeed": "找福瑞控画师绘制性感母麒麟，拿给火麒麟看成功收集到了火麒麟的鼻血...",
            "fail": "单纯的你直接跟火麒麟要点血，结果差点被火麒麟撕了"
        },
        "暗杀暗之灵兽冥独": {
            "level": "高难",
            "succeed": "组了个牧师使用神圣之光直接把冥独净化了",
            "fail": "被冥独一招死灭之咒击穿了防御，好在穿了一条开过光的内裤成功避开了致死伤害得以逃生"
        }
    },
    "至尊境": {
        "讨伐千手沙华": {
            "level": "中",
            "succeed": "邀请素食狂人一同前往，到地方你还没开始发力，千手沙华就被狂人啃食殆尽",
            "fail": "满身神通却无法应对千手沙华分出的无穷藤曼，一击逼退藤曼后狼狈遁走"
        },
        "击退火之灵兽封烯": {
            "level": "难",
            "succeed": "提前准备了水系法诀，一招金灵轻水便击退封烯~",
            "fail": "马虎的你忘了封烯是什么属性，封烯攻来时你使出一招离火神诀..."
        },
        "击杀铁甲暴龙": {
            "level": "难",
            "succeed": "请来同境界的几位修仙大能，合力之下总算将铁甲暴龙斩杀",
            "fail": "卑鄙的你想在铁甲暴龙巢穴设下阵法，结果撞上了狩猎回巢的铁甲暴龙...被打成重伤百年才能恢复"
        },
        "保护人类阵地不被雷龙皇摧毁": {
            "level": "高难",
            "succeed": "借助大阵勉强抵御住了雷龙皇的猛攻，成功保护了人类阵地！！",
            "fail": "雷龙皇假装受伤逃遁，急功近利的你立马追了上去，失去阵地帮助你很快便败下阵来"
        }
    },
    "真仙境": {
        "拯救在天阴古冢内的迷失灵魂": {
            "level": "中",
            "succeed": "回避开古冢内的种种阵法，找到了迷失灵魂的源头，成功拯救了它们！",
            "fail": "在古冢中迷失了方向，无法找到迷失灵魂的源头..."
        },
        "解开诛仙卷轴的谜题": {
            "level": "难",
            "succeed": "找出了几个乱古时期活下来的老怪物，一起研究后成功解开了诛仙卷轴的谜题！",
            "fail": "一人冥思苦想几百年无果..."
        },
        "赴云峰论剑": {
            "level": "高难",
            "succeed": "凭借出色的剑法和灵气，在云峰论剑中战胜众多高手，成为云峰仙山剑王！",
            "fail": "论剑中遭遇到王道高手，力不从心，最终落败于高手的剑下..."
        }
    },
    "仙王境": {
        "镇压修罗殿": {
            "level": "超难",
            "succeed": "仙界众修自发组织讨伐修罗殿，奈何修罗殿主、副殿主修为通天，开启护殿大阵后众修拿他们根本没办法...",
            "fail": "半途被修罗殿主、副殿主截杀，众修损失惨重只得先行撤退，日后再做打算..."
        },
        "追踪混沌幻影": {
            "level": "高难",
            "succeed": "利用神念追踪并捕捉到混沌幻影，成功获得了混沌之力！",
            "fail": "混沌幻影变幻莫测，你无法捕捉到它的踪迹，只能无奈离开..."
        }
    }
}