{
    "江湖好手": {
        "易": {
            "level": "易",
            "award": 20,
            "needexp": 100,
            "time": 60
        }
    },
    "搬血境": {
        "易": {
            "level": "易",
            "award": 100,
            "needexp": 1000,
            "time": 60
        },
        "中": {
            "level": "中",
            "award": 200,
            "needexp": 2000,
            "time": 120
        }
    },
    "洞天境": {
        "易": {
            "level": "易",
            "award": 300,
            "needexp": 6000,
            "time": 60
        },
        "中": {
            "level": "中",
            "award": 400,
            "needexp": 8000,
            "time": 120
        }
    },
    "化灵境": {
        "易": {
            "level": "易",
            "award": 450,
            "needexp": 25000,
            "time": 60
        },
        "中": {
            "level": "中",
            "award": 600,
            "needexp": 50000,
            "time": 120
        },
        "难": {
            "level": "难",
            "award": 900,
            "needexp": 90000,
            "time": 180
        }
    },
    "铭纹境": {
        "易": {
            "level": "易",
            "award": 900,
            "needexp": 160000,
            "time": 60
        },
        "中": {
            "level": "中",
            "award": 1100,
            "needexp": 200000,
            "time": 120
        },
        "难": {
            "level": "难",
            "award": 1300,
            "needexp": 288000,
            "time": 180
        }
    },
    "列阵境": {
        "中": {
            "level": "中",
            "award": 1600,
            "needexp": 440000,
            "time": 120
        },
        "难": {
            "level": "难",
            "award": 1900,
            "needexp": 550000,
            "time": 180
        },
        "高难": {
            "level": "高难",
            "award": 2400,
            "needexp": 700000,
            "time": 240
        }
    },
    "尊者境": {
        "中": {
            "level": "中",
            "award": 8460,
            "needexp": 1040000,
            "time": 120
        },
        "难": {
            "level": "难",
            "award": 13160,
            "needexp": 1280000,
            "time": 180
        },
        "高难": {
            "level": "高难",
            "award": 18800,
            "needexp": 1664000,
            "time": 240
        }
    },
    "神火境": {
        "中": {
            "level": "中",
            "award": 24000,
            "needexp": 2400000,
            "time": 120
        },
        "难": {
            "level": "难",
            "award": 29500,
            "needexp": 2950000,
            "time": 180
        },
        "高难": {
            "level": "高难",
            "award": 38400,
            "needexp": 3840000,
            "time": 240
        }
    },
    "真一境": {
        "中": {
            "level": "中",
            "award": 54400,
            "needexp": 5440000,
            "time": 120
        },
        "难": {
            "level": "难",
            "award": 67000,
            "needexp": 6700000,
            "time": 180
        },
        "高难": {
            "level": "高难",
            "award": 87000,
            "needexp": 8700000,
            "time": 240
        }
    },
    "圣祭境": {
        "中": {
            "level": "中",
            "award": 121600,
            "needexp": 12160000,
            "time": 120
        },
        "难": {
            "level": "难",
            "award": 150000,
            "needexp": 15000000,
            "time": 180
        },
        "高难": {
            "level": "高难",
            "award": 219360,
            "needexp": 21936000,
            "time": 240
        }
    },
    "天神境": {
        "中": {
            "level": "中",
            "award": 359680,
            "needexp": 35968000,
            "time": 120
        },
        "难": {
            "level": "难",
            "award": 409680,
            "needexp": 40968000,
            "time": 180
        },
        "高难": {
            "level": "高难",
            "award": 609680,
            "needexp": 60968000,
            "time": 240
        }
    },
    "虚道境": {
        "中": {
            "level": "中",
            "award": 709680,
            "needexp": 70968000,
            "time": 120
        },
        "难": {
            "level": "难",
            "award": 809680,
            "needexp": 80968000,
            "time": 180
        },
        "高难": {
            "level": "高难",
            "award": 1209680,
            "needexp": 120968000,
            "time": 240
        }
    },
    "斩我境": {
        "中": {
            "level": "中",
            "award": 1309680,
            "needexp": 130968000,
            "time": 120
        },
        "难": {
            "level": "难",
            "award": 1409680,
            "needexp": 140968000,
            "time": 180
        },
        "高难": {
            "level": "高难",
            "award": 1609680,
            "needexp": 160968000,
            "time": 240
        }
    },
    "遁一境": {
        "中": {
            "level": "中",
            "award": 3219360,
            "needexp": 321936000,
            "time": 120
        },
        "难": {
            "level": "难",
            "award": 4507104,
            "needexp": 450710400,
            "time": 180
        },
        "高难": {
            "level": "高难",
            "award": 5794848,
            "needexp": 579484800,
            "time": 240
        }
    },
    "至尊境": {
        "中": {
            "level": "中",
            "award": 11589696,
            "needexp": 1158969600,
            "time": 120
        },
        "难": {
            "level": "难",
            "award": 16225574,
            "needexp": 1622557440,
            "time": 180
        },
        "高难": {
            "level": "高难",
            "award": 20861452,
            "needexp": 2086145280,
            "time": 240
        }
    },
    "真仙境": {
        "中": {
            "level": "中",
            "award": 41722905,
            "needexp": 4172290560,
            "time": 120
        },
        "难": {
            "level": "难",
            "award": 58412067,
            "needexp": 5841206784,
            "time": 180
        },
        "高难": {
            "level": "高难",
            "award": 75101230,
            "needexp": 7510123008,
            "time": 240
        }
    },
    "仙王境": {
        "中": {
            "level": "中",
            "award": 150202460,
            "needexp": 15020246016,
            "time": 120
        },
        "难": {
            "level": "难",
            "award": 210283444,
            "needexp": 21028344422,
            "time": 180
        },
        "高难": {
            "level": "高难",
            "award": 270364428,
            "needexp": 27036442828,
            "time": 240
        },
        "超难": {
            "level": "超难",
            "award": 27036442828,
            "needexp": 40036442828,
            "time": 240
        }
    }
}