{
    "1": {
        "name": "薤叶芸香",
        "rank": 32,
        "id": 15000,
        "level": "掉落物",
        "type": "神物"
    },
    "2": {
        "name": "碎星之晶",
        "rank": 29,
        "id": 15001,
        "level": "掉落物",
        "type": "神物"
    },
    "3": {
        "name": "地心淬体乳",
        "rank": 26,
        "id": 15002,
        "level": "掉落物",
        "type": "神物"
    },
    "4": {
        "name": "天山雪莲",
        "rank": 23,
        "id": 15003,
        "level": "掉落物",
        "type": "神物"
    },
    "5": {
        "name": "地心冰母",
        "rank": 20,
        "id": 15004,
        "level": "掉落物",
        "type": "神物"
    },
    "6": {
        "name": "九幽火母",
        "rank": 17,
        "id": 15005,
        "level": "掉落物",
        "type": "神物"
    },
    "7": {
        "name": "双子莲",
        "rank": 14,
        "id": 15006,
        "level": "掉落物",
        "type": "神物"
    },
    "8": {
        "name": "合道花",
        "rank": 11,
        "id": 15007,
        "level": "掉落物",
        "type": "神物"
    },
    "9": {
        "name": "神灵花",
        "rank": 8,
        "id": 15008,
        "level": "掉落物",
        "type": "神物"
    },
    "10": {
        "name": "太清玉液丹",
        "rank": 14,
        "id": 15151,
        "level": "掉落物",
        "type": "丹药"
    },
    "11": {
        "name": "一气鸿蒙丹",
        "rank": 11,
        "id": 15152,
        "level": "掉落物",
        "type": "丹药"
    },
    "12": {
        "name": "三纹清灵丹",
        "rank": 8,
        "id": 15153,
        "level": "掉落物",
        "type": "丹药"
    },
    "13": {
        "name": "自在天功",
        "rank": 11,
        "id": 15355,
        "level": "掉落物",
        "type": "技能"
    },
    "14": {
        "name": "太乙神功",
        "rank": 11,
        "id": 15356,
        "level": "掉落物",
        "type": "技能"
    },
    "15": {
        "name": "八九玄功",
        "rank": 11,
        "id": 15357,
        "level": "掉落物",
        "type": "技能"
    },
    "16": {
        "name": "无始仙经",
        "rank": 11,
        "id": 15358,
        "level": "掉落物",
        "type": "技能"
    },
    "17": {
        "name": "日月双华",
        "rank": 17,
        "id": 15404,
        "level": "掉落物",
        "type": "技能"
    },
    "18": {
        "name": "反咒禁制",
        "rank": 14,
        "id": 15406,
        "level": "掉落物",
        "type": "技能"
    },
    "19": {
        "name": "聚宝功",
        "rank": 17,
        "id": 15407,
        "level": "掉落物",
        "type": "技能"
    },
    "20": {
        "name": "斗战诀",
        "rank": 11,
        "id": 15408,
        "level": "掉落物",
        "type": "技能"
    },
    "21": {
        "name": "太乙剑诀",
        "rank": 20,
        "id": 10403,
        "level": "掉落物",
        "type": "技能"
    },
    "22": {
        "name": "真龙九变",
        "rank": 17,
        "id": 10411,
        "level": "掉落物",
        "type": "技能"
    },
    "23": {
        "name": "金刚移山诀",
        "rank": 13,
        "id": 10402,
        "level": "掉落物",
        "type": "技能"
    },
    "24": {
        "name": "五府锻元诀",
        "rank": 51,
        "id": 10003,
        "level": "掉落物",
        "type": "技能"
    },
    "25": {
        "name": "五府锻元诀",
        "rank": 51,
        "id": 10003,
        "level": "掉落物",
        "type": "技能"
    },
    "26": {
        "name": "五府锻元诀",
        "rank": 51,
        "id": 10003,
        "level": "掉落物",
        "type": "技能"
    },
    "27": {
        "name": "五府锻元诀",
        "rank": 51,
        "id": 10003,
        "level": "掉落物",
        "type": "技能"
    },
    "28": {
        "name": "五府锻元诀",
        "rank": 51,
        "id": 10003,
        "level": "掉落物",
        "type": "技能"
    },
    "29": {
        "name": "养刀术",
        "rank": 43,
        "id": 10102,
        "level": "掉落物",
        "type": "技能"
    },
    "30": {
        "name": "养刀术",
        "rank": 43,
        "id": 10102,
        "level": "掉落物",
        "type": "技能"
    },
    "31": {
        "name": "养刀术",
        "rank": 43,
        "id": 10102,
        "level": "掉落物",
        "type": "技能"
    },
    "32": {
        "name": "养刀术",
        "rank": 43,
        "id": 10102,
        "level": "掉落物",
        "type": "技能"
    },
    "33": {
        "name": "养刀术",
        "rank": 43,
        "id": 10102,
        "level": "掉落物",
        "type": "技能"
    },
    "34": {
        "name": "飞星剑诀",
        "rank": 37,
        "id": 10203,
        "level": "掉落物",
        "type": "技能"
    },
    "35": {
        "name": "飞星剑诀",
        "rank": 37,
        "id": 10203,
        "level": "掉落物",
        "type": "技能"
    },
    "36": {
        "name": "飞星剑诀",
        "rank": 37,
        "id": 10203,
        "level": "掉落物",
        "type": "技能"
    },
    "37": {
        "name": "飞星剑诀",
        "rank": 37,
        "id": 10203,
        "level": "掉落物",
        "type": "技能"
    },
    "38": {
        "name": "飞星剑诀",
        "rank": 37,
        "id": 10203,
        "level": "掉落物",
        "type": "技能"
    },
    "60": {
        "name": "神仙笔",
        "rank": 11,
        "id": 15456,
        "level": "掉落物",
        "type": "装备"
    },
    "61": {
        "name": "东皇钟",
        "rank": 11,
        "id": 8001,
        "level": "掉落物",
        "type": "装备"
    },
    "62": {
        "name": "原罪（残缺）",
        "rank": 20,
        "id": 7098,
        "level": "掉落物",
        "type": "装备"
    },
    "63": {
        "name": "无罪（残缺）",
        "rank": 20,
        "id": 7099,
        "level": "掉落物",
        "type": "装备"
    }
}