{
    "江湖好手": {
        "power": 100,
        "ATK": 100,
        "AC": 10,
        "spend": 1,
        "HP": 1000,
        "MP": 100,
        "comment": 0,
        "rate": 100,
        "exp": 100,
        "SP": 100,
        "SP_RA": 1.1
    },
    "搬血境初期": {
        "power": 1000,
        "ATK": 1000,
        "AC": 100,
        "spend": 1.1,
        "HP": 10000,
        "MP": 10000,
        "comment": 0,
        "rate": 95,
        "exp": 1000,
        "SP": 1000,
        "SP_RA": 1.1
    },
    "搬血境中期": {
        "power": 2000,
        "ATK": 100,
        "AC": 10,
        "spend": 1.2,
        "HP": 1000,
        "MP": 100,
        "comment": 0,
        "rate": 100,
        "exp": 2000,
        "SP": 2000,
        "SP_RA": 1.1
    },
    "搬血境圆满": {
        "power": 3000,
        "ATK": 100,
        "AC": 10,
        "spend": 1.6,
        "HP": 1000,
        "MP": 100,
        "comment": 0,
        "rate": 100,
        "exp": 3000,
        "SP": 3000,
        "SP_RA": 1.1
    },
    "洞天境初期": {
        "power": 6000,
        "ATK": 100,
        "AC": 10,
        "spend": 2.0,
        "HP": 1000,
        "MP": 100,
        "comment": 0,
        "rate": 100,
        "exp": 6000,
        "SP": 6000,
        "SP_RA": 1.1
    },
    "洞天境中期": {
        "power": 8000,
        "ATK": 100,
        "AC": 10,
        "spend": 2.2,
        "HP": 1000,
        "MP": 100,
        "comment": 0,
        "rate": 100,
        "exp": 8000,
        "SP": 8000,
        "SP_RA": 1.1
    },
    "洞天境圆满": {
        "power": 10000,
        "ATK": 100,
        "AC": 10,
        "spend": 2.6,
        "HP": 1000,
        "MP": 100,
        "comment": 0,
        "rate": 100,
        "exp": 10000,
        "SP": 10000,
        "SP_RA": 1.1
    },
    "化灵境初期": {
        "power": 30000,
        "ATK": 100,
        "AC": 10,
        "spend": 3.0,
        "HP": 1000,
        "MP": 100,
        "comment": 0,
        "rate": 100,
        "exp": 20000,
        "SP": 20000,
        "SP_RA": 1.1
    },
    "化灵境中期": {
        "power": 60000,
        "ATK": 100,
        "AC": 10,
        "spend": 3.2,
        "HP": 1000,
        "MP": 100,
        "comment": 0,
        "rate": 100,
        "exp": 60000,
        "SP": 24000,
        "SP_RA": 1.1
    },
    "化灵境圆满": {
        "power": 90000,
        "ATK": 100,
        "AC": 10,
        "spend": 3.6,
        "HP": 1000,
        "MP": 100,
        "comment": 0,
        "rate": 100,
        "exp": 90000,
        "SP": 28000,
        "SP_RA": 1.1
    },
    "铭纹境初期": {
        "power": 144000,
        "ATK": 100,
        "AC": 10,
        "spend": 4.0,
        "HP": 1000,
        "MP": 100,
        "comment": 0,
        "rate": 100,
        "exp": 144000,
        "SP": 144000,
        "SP_RA": 1.1
    },
    "铭纹境中期": {
        "power": 160000,
        "ATK": 100,
        "AC": 10,
        "spend": 4.2,
        "HP": 1000,
        "MP": 100,
        "comment": 0,
        "rate": 100,
        "exp": 160000,
        "SP": 160000,
        "SP_RA": 1.1
    },
    "铭纹境圆满": {
        "power": 176000,
        "ATK": 100,
        "AC": 10,
        "spend": 4.6,
        "HP": 1000,
        "MP": 100,
        "comment": 0,
        "rate": 100,
        "exp": 176000,
        "SP": 176000,
        "SP_RA": 1.1
    },
    "列阵境初期": {
        "power": 352000,
        "ATK": 100,
        "AC": 10,
        "spend": 5.0,
        "HP": 1000,
        "MP": 100,
        "comment": 0,
        "rate": 100,
        "exp": 352000,
        "SP": 352000,
        "SP_RA": 1.1
    },
    "列阵境中期": {
        "power": 384000,
        "ATK": 100,
        "AC": 10,
        "spend": 5.2,
        "HP": 1000,
        "MP": 100,
        "comment": 0,
        "rate": 100,
        "exp": 384000,
        "SP": 384000,
        "SP_RA": 1.1
    },
    "列阵境圆满": {
        "power": 416000,
        "ATK": 100,
        "AC": 10,
        "spend": 5.6,
        "HP": 1000,
        "MP": 100,
        "comment": 0,
        "rate": 100,
        "exp": 416000,
        "SP": 416000,
        "SP_RA": 1.1
    },
    "尊者境初期": {
        "power": 832000,
        "ATK": 100,
        "AC": 10,
        "spend": 6.0,
        "HP": 1000,
        "MP": 100,
        "comment": 0,
        "rate": 100,
        "exp": 832000,
        "SP": 832000,
        "SP_RA": 1.1
    },
    "尊者境中期": {
        "power": 896000,
        "ATK": 100,
        "AC": 10,
        "spend": 6.2,
        "HP": 1000,
        "MP": 100,
        "comment": 0,
        "rate": 100,
        "exp": 896000,
        "SP": 896000,
        "SP_RA": 1.1
    },
    "尊者境圆满": {
        "power": 960000,
        "ATK": 100,
        "AC": 10,
        "spend": 6.6,
        "HP": 1000,
        "MP": 100,
        "comment": 0,
        "rate": 100,
        "exp": 960000,
        "SP": 960000,
        "SP_RA": 1.1
    },
    "神火境初期": {
        "power": 1920000,
        "ATK": 100,
        "AC": 10,
        "spend": 7.0,
        "HP": 1000,
        "MP": 100,
        "comment": 0,
        "rate": 100,
        "exp": 1920000,
        "SP": 1920000,
        "SP_RA": 1.1
    },
    "神火境中期": {
        "power": 2048000,
        "ATK": 100,
        "AC": 10,
        "spend": 7.2,
        "HP": 1000,
        "MP": 100,
        "comment": 0,
        "rate": 100,
        "exp": 2048000,
        "SP": 2048000,
        "SP_RA": 1.1
    },
    "神火境圆满": {
        "power": 2176000,
        "ATK": 100,
        "AC": 10,
        "spend": 7.6,
        "HP": 1000,
        "MP": 100,
        "comment": 0,
        "rate": 100,
        "exp": 2176000,
        "SP": 2176000,
        "SP_RA": 1.1
    },
    "真一境初期": {
        "power": 4352000,
        "ATK": 100,
        "AC": 10,
        "spend": 8.0,
        "HP": 1000,
        "MP": 100,
        "comment": 0,
        "rate": 100,
        "exp": 4352000,
        "SP": 4352000,
        "SP_RA": 1.1
    },
    "真一境中期": {
        "power": 4608000,
        "ATK": 100,
        "AC": 10,
        "spend": 8.2,
        "HP": 1000,
        "MP": 100,
        "comment": 0,
        "rate": 100,
        "exp": 4608000,
        "SP": 4608000,
        "SP_RA": 1.1
    },
    "真一境圆满": {
        "power": 4864000,
        "ATK": 100,
        "AC": 10,
        "spend": 8.6,
        "HP": 1000,
        "MP": 100,
        "comment": 0,
        "rate": 100,
        "exp": 4864000,
        "SP": 4864000,
        "SP_RA": 1.1
    },
    "圣祭境初期": {
        "power": 9728000,
        "ATK": 100,
        "AC": 10,
        "spend": 9.0,
        "HP": 1000,
        "MP": 100,
        "comment": 0,
        "rate": 100,
        "exp": 9728000,
        "SP": 9728000,
        "SP_RA": 1.1
    },
    "圣祭境中期": {
        "power": 12348000,
        "ATK": 100,
        "AC": 10,
        "spend": 9.2,
        "HP": 1000,
        "MP": 100,
        "comment": 0,
        "rate": 100,
        "exp": 12348000,
        "SP": 12348000,
        "SP_RA": 1.1
    },
    "圣祭境圆满": {
        "power": 14968000,
        "ATK": 100,
        "AC": 10,
        "spend": 10,
        "HP": 1000,
        "MP": 100,
        "comment": 0,
        "rate": 100,
        "exp": 14968000,
        "SP": 14968000,
        "SP_RA": 1.1
    },
    "天神境初期": {
        "power": 30968000,
        "ATK": 100,
        "AC": 10,
        "spend": 12,
        "HP": 1000,
        "MP": 100,
        "comment": 0,
        "rate": 100,
        "exp": 30968000,
        "SP": 30968000,
        "SP_RA": 1.1
    },
    "天神境中期": {
        "power": 35968000,
        "ATK": 100,
        "AC": 10,
        "spend": 13,
        "HP": 1000,
        "MP": 100,
        "comment": 0,
        "rate": 100,
        "exp": 35968000,
        "SP": 35968000,
        "SP_RA": 1.1
    },
    "天神境圆满": {
        "power": 40968000,
        "ATK": 100,
        "AC": 10,
        "spend": 14,
        "HP": 1000,
        "MP": 100,
        "comment": 0,
        "rate": 100,
        "exp": 40968000,
        "SP": 40968000,
        "SP_RA": 1.1
    },
    "虚道境初期": {
        "power": 60968000,
        "ATK": 100,
        "AC": 10,
        "spend": 15,
        "HP": 1000,
        "MP": 100,
        "comment": 0,
        "rate": 100,
        "exp": 60968000,
        "SP": 60968000,
        "SP_RA": 1.1
    },
    "虚道境中期": {
        "power": 70968000,
        "ATK": 100,
        "AC": 10,
        "spend": 16,
        "HP": 1000,
        "MP": 100,
        "comment": 0,
        "rate": 100,
        "exp": 70968000,
        "SP": 70968000,
        "SP_RA": 1.1
    },
    "虚道境圆满": {
        "power": 80968000,
        "ATK": 100,
        "AC": 10,
        "spend": 17,
        "HP": 1000,
        "MP": 100,
        "comment": 0,
        "rate": 100,
        "exp": 80968000,
        "SP": 80968000,
        "SP_RA": 1.1
    },
    "斩我境初期": {
        "power": 120968000,
        "ATK": 100,
        "AC": 10,
        "spend": 18,
        "HP": 1000,
        "MP": 100,
        "comment": 0,
        "rate": 100,
        "exp": 120968000,
        "SP": 120968000,
        "SP_RA": 1.1
    },
    "斩我境中期": {
        "power": 140968000,
        "ATK": 100,
        "AC": 10,
        "spend": 19,
        "HP": 1000,
        "MP": 100,
        "comment": 0,
        "rate": 100,
        "exp": 140968000,
        "SP": 140968000,
        "SP_RA": 1.1
    },
    "斩我境圆满": {
        "power": 160968000,
        "ATK": 100,
        "AC": 10,
        "spend": 20,
        "HP": 1000,
        "MP": 100,
        "comment": 0,
        "rate": 100,
        "exp": 160968000,
        "SP": 160968000,
        "SP_RA": 1.1
    },
    "遁一境初期": {
        "power": 321936000,
        "ATK": 100,
        "AC": 10,
        "spend": 21,
        "HP": 1000,
        "MP": 100,
        "comment": 0,
        "rate": 100,
        "exp": 321936000,
        "SP": 321936000,
        "SP_RA": 1.1
    },
    "遁一境中期": {
        "power": 450710400,
        "ATK": 100,
        "AC": 10,
        "spend": 22,
        "HP": 1000,
        "MP": 100,
        "comment": 0,
        "rate": 100,
        "exp": 450710400,
        "SP": 450710400,
        "SP_RA": 1.1
    },
    "遁一境圆满": {
        "power": 579484800,
        "ATK": 100,
        "AC": 10,
        "spend": 23,
        "HP": 1000,
        "MP": 100,
        "comment": 0,
        "rate": 100,
        "exp": 579484800,
        "SP": 579484800,
        "SP_RA": 1.1
    },
    "至尊境初期": {
        "power": 1158969600,
        "ATK": 100,
        "AC": 10,
        "spend": 46,
        "HP": 1000,
        "MP": 100,
        "comment": 0,
        "rate": 100,
        "exp": 1158969600,
        "SP": 1158969600,
        "SP_RA": 1.1
    },
    "至尊境中期": {
        "power": 1622557440,
        "ATK": 100,
        "AC": 10,
        "spend": 64,
        "HP": 1000,
        "MP": 100,
        "comment": 0,
        "rate": 100,
        "exp": 1622557440,
        "SP": 1622557440,
        "SP_RA": 1.1
    },
    "至尊境圆满": {
        "power": 2086145280,
        "ATK": 100,
        "AC": 10,
        "spend": 76,
        "HP": 1000,
        "MP": 100,
        "comment": 0,
        "rate": 100,
        "exp": 2086145280,
        "SP": 2086145280,
        "SP_RA": 1.1
    },
    "真仙境初期": {
        "power": 4172290560,
        "ATK": 100,
        "AC": 10,
        "spend": 152,
        "HP": 1000,
        "MP": 100,
        "comment": 0,
        "rate": 100,
        "exp": 4172290560,
        "SP": 4172290560,
        "SP_RA": 1.1
    },
    "真仙境中期": {
        "power": 5841206784,
        "ATK": 100,
        "AC": 10,
        "spend": 212,
        "HP": 1000,
        "MP": 100,
        "comment": 0,
        "rate": 100,
        "exp": 5841206784,
        "SP": 5841206784,
        "SP_RA": 1.1
    },
    "真仙境圆满": {
        "power": 7510123008,
        "ATK": 100,
        "AC": 10,
        "spend": 254,
        "HP": 1000,
        "MP": 100,
        "comment": 0,
        "rate": 100,
        "exp": 7510123008,
        "SP": 7510123008,
        "SP_RA": 1.1
    },
    "仙王境初期": {
        "power": 15020246016,
        "ATK": 100,
        "AC": 10,
        "spend": 508,
        "HP": 1000,
        "MP": 100,
        "comment": 0,
        "rate": 100,
        "exp": 15020246016,
        "SP": 15020246016,
        "SP_RA": 1.1
    },
    "仙王境中期": {
        "power": 21028344422,
        "ATK": 100,
        "AC": 10,
        "spend": 711,
        "HP": 1000,
        "MP": 100,
        "comment": 0,
        "rate": 100,
        "exp": 21028344422,
        "SP": 21028344422,
        "SP_RA": 1.1
    },
    "仙王境圆满": {
        "power": 27036442828,
        "ATK": 100,
        "AC": 10,
        "spend": 853,
        "HP": 1000,
        "MP": 100,
        "comment": 0,
        "rate": 100,
        "exp": 27036442828,
        "SP": 27036442828,
        "SP_RA": 1.1
    },
    "准帝境初期": {
        "power": 54072885657,
        "ATK": 100,
        "AC": 10,
        "spend": 1706,
        "HP": 1000,
        "MP": 100,
        "comment": 0,
        "rate": 100,
        "exp": 54072885657,
        "SP": 54072885657,
        "SP_RA": 1.1
    },
    "准帝境中期": {
        "power": 75702039920,
        "ATK": 100,
        "AC": 10,
        "spend": 2388,
        "HP": 1000,
        "MP": 100,
        "comment": 0,
        "rate": 100,
        "exp": 75702039920,
        "SP": 75702039920,
        "SP_RA": 1.1
    },
    "准帝境圆满": {
        "power": 97331194180,
        "ATK": 100,
        "AC": 10,
        "spend": 2865,
        "HP": 1000,
        "MP": 100,
        "comment": 0,
        "rate": 100,
        "exp": 97331194180,
        "SP": 97331194180,
        "SP_RA": 1.1
    },
    "仙帝境初期": {
        "power": 194662388360,
        "ATK": 100,
        "AC": 10,
        "spend": 5730,
        "HP": 1000,
        "MP": 100,
        "comment": 0,
        "rate": 100,
        "exp": 194662388360,
        "SP": 194662388360,
        "SP_RA": 1.1
    },
    "仙帝境中期": {
        "power": 272527343704,
        "ATK": 100,
        "AC": 10,
        "spend": 8022,
        "HP": 1000,
        "MP": 100,
        "comment": 0,
        "rate": 100,
        "exp": 272527343704,
        "SP": 272527343704,
        "SP_RA": 1.1
    },
    "仙帝境圆满": {
        "power": 350392299048,
        "ATK": 100,
        "AC": 10,
        "spend": 9626,
        "HP": 1000,
        "MP": 100,
        "comment": 0,
        "rate": 100,
        "exp": 350392299048,
        "SP": 350392299048,
        "SP_RA": 1.1
    },
    "祭道境初期": {
        "power": 1550392299048,
        "ATK": 100,
        "AC": 10,
        "spend": 14439,
        "HP": 1000,
        "MP": 100,
        "comment": 0,
        "rate": 100,
        "exp": 1550392299048,
        "SP": 1550392299048,
        "SP_RA": 1.1
    },
    "祭道境中期": {
        "power": 1850392299048,
        "ATK": 100,
        "AC": 10,
        "spend": 14439,
        "HP": 1000,
        "MP": 100,
        "comment": 0,
        "rate": 100,
        "exp": 1850392299048,
        "SP": 1850392299048,
        "SP_RA": 1.1
    },
    "祭道境圆满": {
        "power": 2150392299048,
        "ATK": 100,
        "AC": 10,
        "spend": 14439,
        "HP": 1000,
        "MP": 100,
        "comment": 0,
        "rate": 100,
        "exp": 2150392299048,
        "SP": 2150392299048,
        "SP_RA": 1.1
    }
}