{
    "混沌灵根": {
        "type_rate": 3,
        "type_list": [
            "全属性灵根"
        ],
        "type_speeds": 2.0,
        "type_flag": []
    },
    "融合灵根": {
        "type_rate": 6,
        "type_list": [
            "融合万物灵根"
        ],
        "type_speeds": 1.7,
        "type_flag": []
    },
    "超灵根": {
        "type_rate": 10,
        "type_list": [
            "日灵根",
            "月灵根"
        ],
        "type_speeds": 1.5,
        "type_flag": []
    },
    "龙灵根": {
        "type_rate": 13,
        "type_list": [
            "空间灵根",
            "时间灵根",
            "言灵灵根"
        ],
        "type_speeds": 1.4,
        "type_flag": []
    },
    "天灵根": {
        "type_rate": 18,
        "type_list": [
            "金灵根",
            "木灵根",
            "水灵根",
            "火灵根",
            "土灵根"
        ],
        "type_speeds": 1.3,
        "type_flag": []
    },
    "变异灵根": {
        "type_rate": 18,
        "type_list": [
            "雷灵根",
            "冰灵根",
            "暗灵根",
            "风灵根",
            "光灵根"
        ],
        "type_speeds": 1.2,
        "type_flag": []
    },
    "真灵根": {
        "type_rate": 10,
        "type_list": [
            "金",
            "木",
            "水",
            "火",
            "土"
        ],
        "type_speeds": 1,
        "type_flag": [
            2,
            3
        ]
    },
    "伪灵根": {
        "type_rate": 25,
        "type_list": [
            "器师",
            "器师",
            "器师"
        ],
        "type_speeds": 0,
        "type_flag": []
    },
    "机械核心": {
        "type_rate": 1,
        "type_list": [
            "可变式羽翼核心",
            "自适应科技战甲"
        ],
        "type_speeds": 2.3,
        "type_flag": []
    },
    "异世界之力": {
        "type_rate": 1,
        "type_list": [
            "直死之魔眼",
            "死亡笔记",
            "天地乖离开辟之星",
            "泰拉光棱剑"
        ],
        "type_speeds": 2.5,
        "type_flag": []
    },
    "轮回道果": {
        "type_rate": 0,
        "type_list": [
            "轮回千次不灭，只为臻至巅峰"
        ],
        "type_speeds": 4,
        "type_flag": []
    },
    "真·轮回道果": {
        "type_rate": 0,
        "type_list": [
            "轮回万次不灭，只为超越巅峰"
        ],
        "type_speeds": 5,
        "type_flag": []
    }
}