{
    "江湖好手": 100,
    "搬血境初期": 40,
    "搬血境中期": 39,
    "搬血境圆满": 38,
    "洞天境初期": 37,
    "洞天境中期": 36,
    "洞天境圆满": 35,
    "化灵境初期": 34,
    "化灵境中期": 33,
    "化灵境圆满": 32,
    "铭纹境初期": 31,
    "铭纹境中期": 30,
    "铭纹境圆满": 29,
    "列阵境初期": 28,
    "列阵境中期": 27,
    "列阵境圆满": 26,
    "尊者境初期": 25,
    "尊者境中期": 24,
    "尊者境圆满": 23,
    "神火境初期": 22,
    "神火境中期": 21,
    "神火境圆满": 20,
    "真一境初期": 18,
    "真一境中期": 16,
    "真一境圆满": 10,
    "圣祭境初期": 8,
    "圣祭境中期": 6,
    "圣祭境圆满": 1,
    "天神境初期": 1,
    "天神境中期": 1,
    "天神境圆满": 1,
    "虚道境初期": 1,
    "虚道境中期": 1,
    "虚道境圆满": 1,
    "斩我境初期": 1,
    "斩我境中期": 1,
    "斩我境圆满": 1,
    "遁一境初期": 1,
    "遁一境中期": 1,
    "遁一境圆满": 1,
    "至尊境初期": 1,
    "至尊境中期": 1,
    "至尊境圆满": 1,
    "真仙境初期": 1,
    "真仙境中期": 0,
    "真仙境圆满": 0,
    "仙王境初期": 0,
    "仙王境中期": 0,
    "仙王境圆满": 0,
    "准帝境初期": 0,
    "准帝境中期": 0,
    "准帝境圆满": 0,
    "仙帝境初期": 0,
    "仙帝境中期": 0,
    "仙帝境圆满": 0,
    "祭道境初期": 0,
    "祭道境中期": 0,
    "祭道境圆满": 0
}