{
    "2500": {
        "name": "一级聚灵旗",
        "desc": "提升洞天福地中的灵气汇集速度，加速修炼速度和灵田中药材生长速度",
        "type": "聚灵旗",
        "修炼速度": 1,
        "药材速度": 1,
        "rank": 39
    },
    "2501": {
        "name": "二级聚灵旗",
        "desc": "提升洞天福地中的灵气汇集速度，加速修炼速度和灵田中药材生长速度",
        "type": "聚灵旗",
        "修炼速度": 2,
        "药材速度": 2,
        "rank": 34
    },
    "2502": {
        "name": "三级聚灵旗",
        "desc": "提升洞天福地中的灵气汇集速度，加速修炼速度和灵田中药材生长速度",
        "type": "聚灵旗",
        "修炼速度": 3,
        "药材速度": 3,
        "rank": 29
    },
    "2503": {
        "name": "四级聚灵旗",
        "desc": "提升洞天福地中的灵气汇集速度，加速修炼速度和灵田中药材生长速度",
        "type": "聚灵旗",
        "修炼速度": 4,
        "药材速度": 4,
        "rank": 24
    },
    "2504": {
        "name": "仙级聚灵旗",
        "desc": "大幅提升洞天福地中的灵气汇集速度，加速修炼速度和灵田中药材生长速度",
        "type": "聚灵旗",
        "修炼速度": 5,
        "药材速度": 5,
        "rank": 19
    },
    "2505": {
        "name": "无上聚灵旗",
        "desc": "极大提升洞天福地中的灵气汇集速度，加速修炼速度和灵田中药材生长速度",
        "type": "聚灵旗",
        "修炼速度": 6,
        "药材速度": 6,
        "rank": 14
    }
}